YEAR,LOCATION,"REFERENCE PERIOD",COMMODITY,"PROGRESS, PLANTED in PCT","PROGRESS, PLANTED, 5 YEAR AVERAGE in PCT","PROGRESS, EMERGED in PCT","PROGRESS, EMERGED, 5 YEAR AVERAGE in PCT","PROGRESS, SILKING, 5 YEAR AVERAGE in PCT","PROGRESS, SILKING in PCT","PROGRESS, DOUGHING in PCT","PROGRESS, DOUGHING, 5 YEAR AVERAGE in PCT","PROGRESS, DENTED in PCT","PROGRESS, DENTED, 5 YEAR AVERAGE in PCT","PROGRESS, MATURE in PCT","PROGRESS, MATURE, 5 YEAR AVERAGE in PCT","PROGRESS, HARVESTED in PCT","PROGRESS, HARVESTED, 5 YEAR AVERAGE in PCT"
2012,IOWA,"WEEK #13",CORN,0,0," "," "," "," "," "," "," "," "," "," "," "," "
2012,IOWA,"WEEK #14",CORN,1,0," "," "," "," "," "," "," "," "," "," "," "," "
2012,IOWA,"WEEK #15",CORN,5,3," "," "," "," "," "," "," "," "," "," "," "," "
2012,IOWA,"WEEK #16",CORN,9,16,1,0," "," "," "," "," "," "," "," "," "," "
2012,IOWA,"WEEK #17",CORN,50,32,5,3," "," "," "," "," "," "," "," "," "," "
2012,IOWA,"WEEK #18",CORN,64,58,23,11," "," "," "," "," "," "," "," "," "," "
2012,IOWA,"WEEK #19",CORN,90,79,55,32," "," "," "," "," "," "," "," "," "," "
2012,IOWA,"WEEK #20",CORN,98,92,81,59," "," "," "," "," "," "," "," "," "," "
2011,IOWA,"WEEK #15",CORN,2,6," "," "," "," "," "," "," "," "," "," "," "," "
2011,IOWA,"WEEK #16",CORN,3,28," "," "," "," "," "," "," "," "," "," "," "," "
2011,IOWA,"WEEK #17",CORN,8,48," ",5," "," "," "," "," "," "," "," "," "," "
2011,IOWA,"WEEK #18",CORN,69,69,1,20," "," "," "," "," "," "," "," "," "," "
2011,IOWA,"WEEK #19",CORN,92,84,33,42," "," "," "," "," "," "," "," "," "," "
2011,IOWA,"WEEK #20",CORN,98,94,74,67," "," "," "," "," "," "," "," "," "," "
2011,IOWA,"WEEK #21",CORN,99,98,90,85," "," "," "," "," "," "," "," "," "," "
2011,IOWA,"WEEK #22",CORN,99,99,96,94," "," "," "," "," "," "," "," "," "," "
2011,IOWA,"WEEK #23",CORN,100,100,99,98," "," "," "," "," "," "," "," "," "," "
2011,IOWA,"WEEK #24",CORN," "," ",99,99," "," "," "," "," "," "," "," "," "," "
2011,IOWA,"WEEK #26",CORN," "," "," "," ",2," "," "," "," "," "," "," "," "," "
2011,IOWA,"WEEK #27",CORN," "," "," "," ",13,1," "," "," "," "," "," "," "," "
2011,IOWA,"WEEK #28",CORN," "," "," "," ",38,32," "," "," "," "," "," "," "," "
2011,IOWA,"WEEK #29",CORN," "," "," "," ",65,75,1,2," "," "," "," "," "," "
2011,IOWA,"WEEK #30",CORN," "," "," "," ",83,90,4,8," "," "," "," "," "," "
2011,IOWA,"WEEK #31",CORN," "," "," "," ",92,96,19,23,1,3," "," "," "," "
2011,IOWA,"WEEK #32",CORN," "," "," "," ",97,98,52,45,13,13," "," "," "," "
2011,IOWA,"WEEK #33",CORN," "," "," "," "," "," ",78,65,41,30," "," "," "," "
2011,IOWA,"WEEK #34",CORN," "," "," "," "," "," ",92,81,70,50,4,5," "," "
2011,IOWA,"WEEK #35",CORN," "," "," "," "," "," ",96,90,86,69,14,15," "," "
2011,IOWA,"WEEK #36",CORN," "," "," "," "," "," ",98,95,93,83,33,30," "," "
2011,IOWA,"WEEK #37",CORN," "," "," "," "," "," "," "," ",97,92,60,49,3,3
2011,IOWA,"WEEK #38",CORN," "," "," "," "," "," "," "," ",99,96,80,67,5,5
2011,IOWA,"WEEK #39",CORN," "," "," "," "," "," "," "," "," "," ",91,81,12,10
2011,IOWA,"WEEK #40",CORN," "," "," "," "," "," "," "," "," "," ",97,91,27,19
2011,IOWA,"WEEK #41",CORN," "," "," "," "," "," "," "," "," "," ",99,96,45,31
2011,IOWA,"WEEK #42",CORN," "," "," "," "," "," "," "," "," "," ",99,98,71,42
2011,IOWA,"WEEK #43",CORN," "," "," "," "," "," "," "," "," "," "," "," ",87,56
2011,IOWA,"WEEK #44",CORN," "," "," "," "," "," "," "," "," "," "," "," ",95,70
2011,IOWA,"WEEK #45",CORN," "," "," "," "," "," "," "," "," "," "," "," ",98,81
2011,IOWA,"WEEK #46",CORN," "," "," "," "," "," "," "," "," "," "," "," ",99,89
2010,IOWA,"WEEK #14",CORN,1," "," "," "," "," "," "," "," "," "," "," "," "," "
2010,IOWA,"WEEK #15",CORN,19,5," "," "," "," "," "," "," "," "," "," "," "," "
2010,IOWA,"WEEK #16",CORN,68,23,2,1," "," "," "," "," "," "," "," "," "," "
2010,IOWA,"WEEK #17",CORN,84,46,19,4," "," "," "," "," "," "," "," "," "," "
2010,IOWA,"WEEK #18",CORN,93,71,48,17," "," "," "," "," "," "," "," "," "," "
2010,IOWA,"WEEK #19",CORN,96,86,66,42," "," "," "," "," "," "," "," "," "," "
2010,IOWA,"WEEK #20",CORN,98,95,84,70," "," "," "," "," "," "," "," "," "," "
2010,IOWA,"WEEK #21",CORN,99,99,94,87," "," "," "," "," "," "," "," "," "," "
2010,IOWA,"WEEK #22",CORN," "," ",98,95," "," "," "," "," "," "," "," "," "," "
2010,IOWA,"WEEK #23",CORN," "," ",99,98," "," "," "," "," "," "," "," "," "," "
2010,IOWA,"WEEK #26",CORN," "," "," "," ",2,2," "," "," "," "," "," "," "," "
2010,IOWA,"WEEK #27",CORN," "," "," "," ",13,24," "," "," "," "," "," "," "," "
2010,IOWA,"WEEK #28",CORN," "," "," "," ",38,62," ",1," "," "," "," "," "," "
2010,IOWA,"WEEK #29",CORN," "," "," "," ",67,85,2,6," "," "," "," "," "," "
2010,IOWA,"WEEK #30",CORN," "," "," "," ",85,94,12,12," ",1," "," "," "," "
2010,IOWA,"WEEK #31",CORN," "," "," "," ",94,98,38,28,4,3," "," "," "," "
2010,IOWA,"WEEK #32",CORN," "," "," "," "," "," ",70,47,27,13," "," "," "," "
2010,IOWA,"WEEK #33",CORN," "," "," "," "," "," ",87,66,54,30,1,2," "," "
2010,IOWA,"WEEK #34",CORN," "," "," "," "," "," ",94,83,77,50,8,5," "," "
2010,IOWA,"WEEK #35",CORN," "," "," "," "," "," ",98,91,90,69,34,13,1," "
2010,IOWA,"WEEK #36",CORN," "," "," "," "," "," "," "," ",97,83,62,29,3,1
2010,IOWA,"WEEK #37",CORN," "," "," "," "," "," "," "," ",99,92,79,49,6,2
2010,IOWA,"WEEK #38",CORN," "," "," "," "," "," "," "," "," "," ",91,68,8,5
2010,IOWA,"WEEK #39",CORN," "," "," "," "," "," "," "," "," "," ",97,83,19,9
2010,IOWA,"WEEK #40",CORN," "," "," "," "," "," "," "," "," "," ",99,92,40,17
2010,IOWA,"WEEK #41",CORN," "," "," "," "," "," "," "," "," "," "," "," ",66,27
2010,IOWA,"WEEK #42",CORN," "," "," "," "," "," "," "," "," "," "," "," ",86,39
2010,IOWA,"WEEK #43",CORN," "," "," "," "," "," "," "," "," "," "," "," ",94,56
2010,IOWA,"WEEK #44",CORN," "," "," "," "," "," "," "," "," "," "," "," ",98,71
2009,IOWA,"WEEK #15",CORN," ",1," "," "," "," "," "," "," "," "," "," "," "," "
2009,IOWA,"WEEK #16",CORN,6,10," "," "," "," "," "," "," "," "," "," "," "," "
2009,IOWA,"WEEK #17",CORN,47,25," "," "," "," "," "," "," "," "," "," "," "," "
2009,IOWA,"WEEK #18",CORN,60,53,2,7," "," "," "," "," "," "," "," "," "," "
2009,IOWA,"WEEK #19",CORN,81,76,24,23," "," "," "," "," "," "," "," "," "," "
2009,IOWA,"WEEK #20",CORN,90,90,54,50," "," "," "," "," "," "," "," "," "," "
2009,IOWA,"WEEK #21",CORN,97,97,78,76," "," "," "," "," "," "," "," "," "," "
2009,IOWA,"WEEK #22",CORN,99,99,90,90," "," "," "," "," "," "," "," "," "," "
2009,IOWA,"WEEK #23",CORN,99,100,95,96," "," "," "," "," "," "," "," "," "," "
2009,IOWA,"WEEK #24",CORN," "," ",99,99," "," "," "," "," "," "," "," "," "," "
2009,IOWA,"WEEK #27",CORN," "," "," "," ",4," "," "," "," "," "," "," "," "," "
2009,IOWA,"WEEK #28",CORN," "," "," "," ",18,6," "," "," "," "," "," "," "," "
2009,IOWA,"WEEK #29",CORN," "," "," "," ",45,26," "," "," "," "," "," "," "," "
2009,IOWA,"WEEK #30",CORN," "," "," "," ",74,60," ",7," "," "," "," "," "," "
2009,IOWA,"WEEK #31",CORN," "," "," "," ",89,79,2,16," "," "," "," "," "," "
2009,IOWA,"WEEK #32",CORN," "," "," "," ",96,91,11,33," ",5," "," "," "," "
2009,IOWA,"WEEK #33",CORN," "," "," "," ",98,98,27,54,3,17," "," "," "," "
2009,IOWA,"WEEK #34",CORN," "," "," "," "," "," ",49,72,10,34," "," "," "," "
2009,IOWA,"WEEK #35",CORN," "," "," "," "," "," ",74,86,28,55," ",7," "," "
2009,IOWA,"WEEK #36",CORN," "," "," "," "," "," ",86,93,53,74,2,17," "," "
2009,IOWA,"WEEK #37",CORN," "," "," "," "," "," ",95,97,76,86,8,34," "," "
2009,IOWA,"WEEK #38",CORN," "," "," "," "," "," ",98,99,89,94,22,55," "," "
2009,IOWA,"WEEK #39",CORN," "," "," "," "," "," "," "," ",95,97,47,74,2,6
2009,IOWA,"WEEK #40",CORN," "," "," "," "," "," "," "," ",98,99,71,88,3,11
2009,IOWA,"WEEK #41",CORN," "," "," "," "," "," "," "," "," "," ",86,95,6,21
2009,IOWA,"WEEK #42",CORN," "," "," "," "," "," "," "," "," "," ",93,98,10,33
2009,IOWA,"WEEK #43",CORN," "," "," "," "," "," "," "," "," "," ",96,99,12,49
2009,IOWA,"WEEK #44",CORN," "," "," "," "," "," "," "," "," "," ",100,100,18,67
2009,IOWA,"WEEK #45",CORN," "," "," "," "," "," "," "," "," "," ",100,100,34,81
2009,IOWA,"WEEK #46",CORN," "," "," "," "," "," "," "," "," "," "," "," ",59,89
2009,IOWA,"WEEK #47",CORN," "," "," "," "," "," "," "," "," "," "," "," ",78,94
2009,IOWA,"WEEK #48",CORN," "," "," "," "," "," "," "," "," "," "," "," ",87,97
2009,IOWA,"WEEK #49",CORN," "," "," "," "," "," "," "," "," "," "," "," ",94," "
2009,IOWA,"WEEK #50",CORN," "," "," "," "," "," "," "," "," "," "," "," ",96," "
2009,IOWA,"WEEK #51",CORN," "," "," "," "," "," "," "," "," "," "," "," ",98," "
2008,IOWA,"WEEK #15",CORN,0,2," "," "," "," "," "," "," "," "," "," "," "," "
2008,IOWA,"WEEK #16",CORN,0,12," "," "," "," "," "," "," "," "," "," "," "," "
2008,IOWA,"WEEK #17",CORN,3,33," "," "," "," "," "," "," "," "," "," "," "," "
2008,IOWA,"WEEK #18",CORN,18,64,0,9," "," "," "," "," "," "," "," "," "," "
2008,IOWA,"WEEK #19",CORN,46,82,2,29," "," "," "," "," "," "," "," "," "," "
2008,IOWA,"WEEK #20",CORN,78,92,18,57," "," "," "," "," "," "," "," "," "," "
2008,IOWA,"WEEK #21",CORN,93,97,54,81," "," "," "," "," "," "," "," "," "," "
2008,IOWA,"WEEK #22",CORN,97,100,77,93," "," "," "," "," "," "," "," "," "," "
2008,IOWA,"WEEK #23",CORN," "," ",89,98," "," "," "," "," "," "," "," "," "," "
2008,IOWA,"WEEK #24",CORN," "," ",95,100," "," "," "," "," "," "," "," "," "," "
2008,IOWA,"WEEK #25",CORN," "," "," "," ",0,0," "," "," "," "," "," "," "," "
2008,IOWA,"WEEK #26",CORN," "," "," "," ",0,0," "," "," "," "," "," "," "," "
2008,IOWA,"WEEK #27",CORN," "," "," "," ",5,0," "," "," "," "," "," "," "," "
2008,IOWA,"WEEK #28",CORN," "," "," "," ",22,1," "," "," "," "," "," "," "," "
2008,IOWA,"WEEK #29",CORN," "," "," "," ",53,14," "," "," "," "," "," "," "," "
2008,IOWA,"WEEK #30",CORN," "," "," "," ",81,45,0,8," "," "," "," "," "," "
2008,IOWA,"WEEK #31",CORN," "," "," "," ",93,73,2,19," "," "," "," "," "," "
2008,IOWA,"WEEK #32",CORN," "," "," "," ",98,87,10,38,0,6," "," "," "," "
2008,IOWA,"WEEK #33",CORN," "," "," "," ",100,95,30,60,4,20," "," "," "," "
2008,IOWA,"WEEK #34",CORN," "," "," "," "," "," ",53,78,13,40," "," "," "," "
2008,IOWA,"WEEK #35",CORN," "," "," "," "," "," ",75,90,33,64,1,9," "," "
2008,IOWA,"WEEK #36",CORN," "," "," "," "," "," ",82,96,50,82,3,24," "," "
2008,IOWA,"WEEK #37",CORN," "," "," "," "," "," ",92,99,71,92,11,45," "," "
2008,IOWA,"WEEK #38",CORN," "," "," "," "," "," "," "," ",85,97,23,68,0,4
2008,IOWA,"WEEK #39",CORN," "," "," "," "," "," "," "," ",93,99,45,85,2,9
2008,IOWA,"WEEK #40",CORN," "," "," "," "," "," "," "," "," "," ",66,95,3,15
2008,IOWA,"WEEK #41",CORN," "," "," "," "," "," "," "," "," "," ",84,99,7,27
2008,IOWA,"WEEK #42",CORN," "," "," "," "," "," "," "," "," "," ",92,100,13,43
2008,IOWA,"WEEK #43",CORN," "," "," "," "," "," "," "," "," "," ",96,98,20,63
2008,IOWA,"WEEK #44",CORN," "," "," "," "," "," "," "," "," "," "," "," ",43,79
2008,IOWA,"WEEK #45",CORN," "," "," "," "," "," "," "," "," "," "," "," ",62,90
2008,IOWA,"WEEK #46",CORN," "," "," "," "," "," "," "," "," "," "," "," ",70,95
2008,IOWA,"WEEK #47",CORN," "," "," "," "," "," "," "," "," "," "," "," ",86,98
2007,IOWA,"WEEK #14",CORN,0,0," "," "," "," "," "," "," "," "," "," "," "," "
2007,IOWA,"WEEK #15",CORN,0,4," "," "," "," "," "," "," "," "," "," "," "," "
2007,IOWA,"WEEK #16",CORN,8,18,0,0," "," "," "," "," "," "," "," "," "," "
2007,IOWA,"WEEK #17",CORN,14,46,0,3," "," "," "," "," "," "," "," "," "," "
2007,IOWA,"WEEK #18",CORN,53,72,7,13," "," "," "," "," "," "," "," "," "," "
2007,IOWA,"WEEK #19",CORN,77,87,36,34," "," "," "," "," "," "," "," "," "," "
2007,IOWA,"WEEK #20",CORN,93,94,65,62," "," "," "," "," "," "," "," "," "," "
2007,IOWA,"WEEK #21",CORN,98,98,86,85," "," "," "," "," "," "," "," "," "," "
2007,IOWA,"WEEK #22",CORN," "," ",93,95," "," "," "," "," "," "," "," "," "," "
2007,IOWA,"WEEK #23",CORN," "," ",100,99," "," "," "," "," "," "," "," "," "," "
2007,IOWA,"WEEK #25",CORN," "," "," "," ",0,0," "," "," "," "," "," "," "," "
2007,IOWA,"WEEK #26",CORN," "," "," "," ",0,1," "," "," "," "," "," "," "," "
2007,IOWA,"WEEK #27",CORN," "," "," "," ",5,18," "," "," "," "," "," "," "," "
2007,IOWA,"WEEK #28",CORN," "," "," "," ",27,47,0,1," "," "," "," "," "," "
2007,IOWA,"WEEK #29",CORN," "," "," "," ",61,73,3,4," "," "," "," "," "," "
2007,IOWA,"WEEK #30",CORN," "," "," "," ",85,90,10,9,0,0," "," "," "," "
2007,IOWA,"WEEK #31",CORN," "," "," "," ",95,96,27,23,3,1," "," "," "," "
2007,IOWA,"WEEK #32",CORN," "," "," "," "," "," ",52,43,14,8," "," "," "," "
2007,IOWA,"WEEK #33",CORN," "," "," "," "," "," ",73,64,39,23,1,1," "," "
2007,IOWA,"WEEK #34",CORN," "," "," "," "," "," ",85,82,58,45,7,4," "," "
2007,IOWA,"WEEK #35",CORN," "," "," "," "," "," ",94,93,77,70,16,13," "," "
2007,IOWA,"WEEK #36",CORN," "," "," "," "," "," "," "," ",91,85,41,28,2,1
2007,IOWA,"WEEK #37",CORN," "," "," "," "," "," "," "," ",96,94,69,51,4,3
2007,IOWA,"WEEK #38",CORN," "," "," "," "," "," "," "," "," "," ",86,73,7,5
2007,IOWA,"WEEK #39",CORN," "," "," "," "," "," "," "," "," "," ",94,89,13,9
2007,IOWA,"WEEK #40",CORN," "," "," "," "," "," "," "," "," "," ",99,97,22,16
2007,IOWA,"WEEK #41",CORN," "," "," "," "," "," "," "," "," "," "," "," ",37,29
2007,IOWA,"WEEK #42",CORN," "," "," "," "," "," "," "," "," "," "," "," ",41,49
2007,IOWA,"WEEK #43",CORN," "," "," "," "," "," "," "," "," "," "," "," ",63,68
2007,IOWA,"WEEK #44",CORN," "," "," "," "," "," "," "," "," "," "," "," ",83,82
2007,IOWA,"WEEK #45",CORN," "," "," "," "," "," "," "," "," "," "," "," ",93,91
2007,IOWA,"WEEK #46",CORN," "," "," "," "," "," "," "," "," "," "," "," ",97,96
2006,IOWA,"WEEK #14",CORN,0,1," "," "," "," "," "," "," "," "," "," "," "," "
2006,IOWA,"WEEK #15",CORN,3,5," "," "," "," "," "," "," "," "," "," "," "," "
2006,IOWA,"WEEK #16",CORN,26,16," "," "," "," "," "," "," "," "," "," "," "," "
2006,IOWA,"WEEK #17",CORN,63,42,5,3," "," "," "," "," "," "," "," "," "," "
2006,IOWA,"WEEK #18",CORN,81,71,19,14," "," "," "," "," "," "," "," "," "," "
2006,IOWA,"WEEK #19",CORN,92,84,42,37," "," "," "," "," "," "," "," "," "," "
2006,IOWA,"WEEK #20",CORN,98,94,71,64," "," "," "," "," "," "," "," "," "," "
2006,IOWA,"WEEK #21",CORN,99,98,92,84," "," "," "," "," "," "," "," "," "," "
2006,IOWA,"WEEK #22",CORN," "," ",99,94," "," "," "," "," "," "," "," "," "," "
2006,IOWA,"WEEK #23",CORN," "," ",100,98," "," "," "," "," "," "," "," "," "," "
2006,IOWA,"WEEK #25",CORN," "," "," "," ",0,1," "," "," "," "," "," "," "," "
2006,IOWA,"WEEK #26",CORN," "," "," "," ",0,1," "," "," "," "," "," "," "," "
2006,IOWA,"WEEK #27",CORN," "," "," "," ",5,8," "," "," "," "," "," "," "," "
2006,IOWA,"WEEK #28",CORN," "," "," "," ",25,46,0,0," "," "," "," "," "," "
2006,IOWA,"WEEK #29",CORN," "," "," "," ",58,80,4,4," "," "," "," "," "," "
2006,IOWA,"WEEK #30",CORN," "," "," "," ",83,94,11,9,1,0," "," "," "," "
2006,IOWA,"WEEK #31",CORN," "," "," "," ",94,99,29,23,4,1," "," "," "," "
2006,IOWA,"WEEK #32",CORN," "," "," "," "," "," ",56,43,15,9," "," "," "," "
2006,IOWA,"WEEK #33",CORN," "," "," "," "," "," ",77,63,37,23,1,1," "," "
2006,IOWA,"WEEK #34",CORN," "," "," "," "," "," ",93,81,63,45,6,5," "," "
2006,IOWA,"WEEK #35",CORN," "," "," "," "," "," ",97,92,84,69,14,14," "," "
2006,IOWA,"WEEK #36",CORN," "," "," "," "," "," "," "," ",93,83,29,30,1,1
2006,IOWA,"WEEK #37",CORN," "," "," "," "," "," "," "," ",98,93,58,51,3,3
2006,IOWA,"WEEK #38",CORN," "," "," "," "," "," "," "," "," "," ",82,71,4,6
2006,IOWA,"WEEK #39",CORN," "," "," "," "," "," "," "," "," "," ",94,89,8,10
2006,IOWA,"WEEK #40",CORN," "," "," "," "," "," "," "," "," "," ",99,96,17,16
2006,IOWA,"WEEK #41",CORN," "," "," "," "," "," "," "," "," "," "," "," ",31,29
2006,IOWA,"WEEK #42",CORN," "," "," "," "," "," "," "," "," "," "," "," ",48,49
2006,IOWA,"WEEK #43",CORN," "," "," "," "," "," "," "," "," "," "," "," ",67,68
2006,IOWA,"WEEK #44",CORN," "," "," "," "," "," "," "," "," "," "," "," ",84,83
2006,IOWA,"WEEK #45",CORN," "," "," "," "," "," "," "," "," "," "," "," ",93,92
2006,IOWA,"WEEK #46",CORN," "," "," "," "," "," "," "," "," "," "," "," ",96,97
2006,IOWA,"WEEK #47",CORN," "," "," "," "," "," "," "," "," "," "," "," ",98,99
2005,IOWA,"WEEK #15",CORN,6,5," "," "," "," "," "," "," "," "," "," "," "," "
2005,IOWA,"WEEK #16",CORN,17,19," "," "," "," "," "," "," "," "," "," "," "," "
2005,IOWA,"WEEK #17",CORN,54,50,5,4," "," "," "," "," "," "," "," "," "," "
2005,IOWA,"WEEK #18",CORN,90,75,14,22," "," "," "," "," "," "," "," "," "," "
2005,IOWA,"WEEK #19",CORN,96,86,41,50," "," "," "," "," "," "," "," "," "," "
2005,IOWA,"WEEK #20",CORN,98,95,76,72," "," "," "," "," "," "," "," "," "," "
2005,IOWA,"WEEK #21",CORN," "," ",93,87," "," "," "," "," "," "," "," "," "," "
2005,IOWA,"WEEK #22",CORN," "," ",98,95," "," "," "," "," "," "," "," "," "," "
2005,IOWA,"WEEK #25",CORN," "," "," "," ",0,0," "," "," "," "," "," "," "," "
2005,IOWA,"WEEK #26",CORN," "," "," "," ",1,0," "," "," "," "," "," "," "," "
2005,IOWA,"WEEK #27",CORN," "," "," "," ",11,7,0,0," "," "," "," "," "," "
2005,IOWA,"WEEK #28",CORN," "," "," "," ",32,37,1,0," "," "," "," "," "," "
2005,IOWA,"WEEK #29",CORN," "," "," "," ",64,80,16,2," "," "," "," "," "," "
2005,IOWA,"WEEK #30",CORN," "," "," "," ",86,93,26,10,0,0," "," "," "," "
2005,IOWA,"WEEK #31",CORN," "," "," "," ",95,99,44,23,0,2," "," "," "," "
2005,IOWA,"WEEK #32",CORN," "," "," "," "," "," ",63,45,12,11," "," "," "," "
2005,IOWA,"WEEK #33",CORN," "," "," "," "," "," ",76,66,33,27,2,1," "," "
2005,IOWA,"WEEK #34",CORN," "," "," "," "," "," ",91,83,58,50,5,7," "," "
2005,IOWA,"WEEK #35",CORN," "," "," "," "," "," ",97,93,82,73,15,20," "," "
2005,IOWA,"WEEK #36",CORN," "," "," "," "," "," "," "," ",88,86,34,39,1,2
2005,IOWA,"WEEK #37",CORN," "," "," "," "," "," "," "," ",98,94,59,60,3,5
2005,IOWA,"WEEK #38",CORN," "," "," "," "," "," "," "," "," "," ",81,78,7,9
2005,IOWA,"WEEK #39",CORN," "," "," "," "," "," "," "," "," "," ",96,91,12,16
2005,IOWA,"WEEK #40",CORN," "," "," "," "," "," "," "," "," "," ",99,97,20,25
2005,IOWA,"WEEK #41",CORN," "," "," "," "," "," "," "," "," "," "," "," ",36,40
2005,IOWA,"WEEK #42",CORN," "," "," "," "," "," "," "," "," "," "," "," ",61,58
2005,IOWA,"WEEK #43",CORN," "," "," "," "," "," "," "," "," "," "," "," ",80,74
2005,IOWA,"WEEK #44",CORN," "," "," "," "," "," "," "," "," "," "," "," ",91,86
2005,IOWA,"WEEK #45",CORN," "," "," "," "," "," "," "," "," "," "," "," ",96,94
2004,IOWA,"WEEK #15",CORN,1,0," "," "," "," "," "," "," "," "," "," "," "," "
2004,IOWA,"WEEK #16",CORN,19,3," "," "," "," "," "," "," "," "," "," "," "," "
2004,IOWA,"WEEK #17",CORN,36,16,1,0," "," "," "," "," "," "," "," "," "," "
2004,IOWA,"WEEK #18",CORN,74,43,9,4," "," "," "," "," "," "," "," "," "," "
2004,IOWA,"WEEK #19",CORN,94,71,36,18," "," "," "," "," "," "," "," "," "," "
2004,IOWA,"WEEK #20",CORN,98,85,73,43," "," "," "," "," "," "," "," "," "," "
2004,IOWA,"WEEK #21",CORN,99,93,90,69," "," "," "," "," "," "," "," "," "," "
2004,IOWA,"WEEK #22",CORN," "," ",98,86," "," "," "," "," "," "," "," "," "," "
2004,IOWA,"WEEK #23",CORN," "," ",99,94," "," "," "," "," "," "," "," "," "," "
2004,IOWA,"WEEK #25",CORN," "," "," "," ",0,0," "," "," "," "," "," "," "," "
2004,IOWA,"WEEK #26",CORN," "," "," "," ",0,0," "," "," "," "," "," "," "," "
2004,IOWA,"WEEK #27",CORN," "," "," "," ",2,1,0,0," "," "," "," "," "," "
2004,IOWA,"WEEK #28",CORN," "," "," "," ",13,9,0,0," "," "," "," "," "," "
2004,IOWA,"WEEK #29",CORN," "," "," "," ",33,38,0,0," "," "," "," "," "," "
2004,IOWA,"WEEK #30",CORN," "," "," "," ",69,73,4,2," "," "," "," "," "," "
2004,IOWA,"WEEK #31",CORN," "," "," "," ",88,89,12,10,0,0," "," "," "," "
2004,IOWA,"WEEK #32",CORN," "," "," "," ",96,97,21,26,0,3," "," "," "," "
2004,IOWA,"WEEK #33",CORN," "," "," "," ",99,99,44,49,9,13," "," "," "," "
2004,IOWA,"WEEK #34",CORN," "," "," "," "," "," ",62,71,19,33,0,0," "," "
2004,IOWA,"WEEK #35",CORN," "," "," "," "," "," ",81,87,39,59,2,10," "," "
2004,IOWA,"WEEK #36",CORN," "," "," "," "," "," ",90,95,63,80,9,26," "," "
2004,IOWA,"WEEK #37",CORN," "," "," "," "," "," ",97,98,81,90,17,47,0,2
2004,IOWA,"WEEK #38",CORN," "," "," "," "," "," "," "," ",92,96,38,71,2,6
2004,IOWA,"WEEK #39",CORN," "," "," "," "," "," "," "," ",97,99,59,87,5,11
2004,IOWA,"WEEK #40",CORN," "," "," "," "," "," "," "," ",100,100,85,96,8,19
2004,IOWA,"WEEK #41",CORN," "," "," "," "," "," "," "," "," "," ",94,99,16,30
2004,IOWA,"WEEK #42",CORN," "," "," "," "," "," "," "," "," "," ",100,100,30,48
2004,IOWA,"WEEK #43",CORN," "," "," "," "," "," "," "," "," "," "," "," ",47,68
2004,IOWA,"WEEK #44",CORN," "," "," "," "," "," "," "," "," "," "," "," ",62,82
2004,IOWA,"WEEK #45",CORN," "," "," "," "," "," "," "," "," "," "," "," ",77,92
2004,IOWA,"WEEK #46",CORN," "," "," "," "," "," "," "," "," "," "," "," ",87,97
2004,IOWA,"WEEK #47",CORN," "," "," "," "," "," "," "," "," "," "," "," ",94,99
2004,IOWA,"WEEK #48",CORN," "," "," "," "," "," "," "," "," "," "," "," ",97,100
2003,IOWA,"WEEK #15",CORN,0,0," "," "," "," "," "," "," "," "," "," "," "," "
2003,IOWA,"WEEK #16",CORN,3,4," "," "," "," "," "," "," "," "," "," "," "," "
2003,IOWA,"WEEK #17",CORN,28,19,0,2," "," "," "," "," "," "," "," "," "," "
2003,IOWA,"WEEK #18",CORN,56,50,3,7," "," "," "," "," "," "," "," "," "," "
2003,IOWA,"WEEK #19",CORN,64,78,12,25," "," "," "," "," "," "," "," "," "," "
2003,IOWA,"WEEK #20",CORN,79,90,38,56," "," "," "," "," "," "," "," "," "," "
2003,IOWA,"WEEK #21",CORN,94,96,68,79," "," "," "," "," "," "," "," "," "," "
2003,IOWA,"WEEK #22",CORN,99,98,85,91," "," "," "," "," "," "," "," "," "," "
2003,IOWA,"WEEK #23",CORN," "," ",96,97," "," "," "," "," "," "," "," "," "," "
2003,IOWA,"WEEK #24",CORN," "," ",99,99," "," "," "," "," "," "," "," "," "," "
2003,IOWA,"WEEK #26",CORN," "," "," "," ",0,0," "," "," "," "," "," "," "," "
2003,IOWA,"WEEK #27",CORN," "," "," "," ",5,0," "," "," "," "," "," "," "," "
2003,IOWA,"WEEK #28",CORN," "," "," "," ",20,3,0,0," "," "," "," "," "," "
2003,IOWA,"WEEK #29",CORN," "," "," "," ",48,32,0,1," "," "," "," "," "," "
2003,IOWA,"WEEK #30",CORN," "," "," "," ",80,67,0,5," "," "," "," "," "," "
2003,IOWA,"WEEK #31",CORN," "," "," "," ",93,87,5,15," "," "," "," "," "," "
2003,IOWA,"WEEK #32",CORN," "," "," "," ",98,96,20,34,0,5," "," "," "," "
2003,IOWA,"WEEK #33",CORN," "," "," "," "," "," ",45,58,7,19," "," "," "," "
2003,IOWA,"WEEK #34",CORN," "," "," "," "," "," ",71,77,27,41,2,3," "," "
2003,IOWA,"WEEK #35",CORN," "," "," "," "," "," ",88,91,61,69,10,14," "," "
2003,IOWA,"WEEK #36",CORN," "," "," "," "," "," ",97,96,80,85,27,33," "," "
2003,IOWA,"WEEK #37",CORN," "," "," "," "," "," "," "," ",93,93,50,58,3,3
2003,IOWA,"WEEK #38",CORN," "," "," "," "," "," "," "," ",97,97,74,79,5,7
2003,IOWA,"WEEK #39",CORN," "," "," "," "," "," "," "," "," "," ",91,92,10,14
2003,IOWA,"WEEK #40",CORN," "," "," "," "," "," "," "," "," "," ",97,98,17,22
2003,IOWA,"WEEK #41",CORN," "," "," "," "," "," "," "," "," "," ",100,99,31,35
2003,IOWA,"WEEK #42",CORN," "," "," "," "," "," "," "," "," "," "," "," ",55,54
2003,IOWA,"WEEK #43",CORN," "," "," "," "," "," "," "," "," "," "," "," ",78,72
2003,IOWA,"WEEK #44",CORN," "," "," "," "," "," "," "," "," "," "," "," ",91,85
2003,IOWA,"WEEK #45",CORN," "," "," "," "," "," "," "," "," "," "," "," ",96,93
2003,IOWA,"WEEK #46",CORN," "," "," "," "," "," "," "," "," "," "," "," ",98,97
2002,IOWA,"WEEK #14",CORN,0,0," "," "," "," "," "," "," "," "," "," "," "," "
2002,IOWA,"WEEK #15",CORN,1,0," "," "," "," "," "," "," "," "," "," "," "," "
2002,IOWA,"WEEK #16",CORN,12,3," "," "," "," "," "," "," "," "," "," "," "," "
2002,IOWA,"WEEK #17",CORN,33,19,1,2," "," "," "," "," "," "," "," "," "," "
2002,IOWA,"WEEK #18",CORN,53,56,6,7," "," "," "," "," "," "," "," "," "," "
2002,IOWA,"WEEK #19",CORN,86,80,17,28," "," "," "," "," "," "," "," "," "," "
2002,IOWA,"WEEK #20",CORN,94,92,45,56," "," "," "," "," "," "," "," "," "," "
2002,IOWA,"WEEK #21",CORN,98,97,76,80," "," "," "," "," "," "," "," "," "," "
2002,IOWA,"WEEK #22",CORN,100,99,93,91," "," "," "," "," "," "," "," "," "," "
2002,IOWA,"WEEK #23",CORN,100,99,99,97," "," "," "," "," "," "," "," "," "," "
2002,IOWA,"WEEK #24",CORN," "," ",100,99," "," "," "," "," "," "," "," "," "," "
2002,IOWA,"WEEK #26",CORN," "," "," "," ",0,0," "," "," "," "," "," "," "," "
2002,IOWA,"WEEK #27",CORN," "," "," "," ",6,5," "," "," "," "," "," "," "," "
2002,IOWA,"WEEK #28",CORN," "," "," "," ",18,25,0,0," "," "," "," "," "," "
2002,IOWA,"WEEK #29",CORN," "," "," "," ",45,62,1,1," "," "," "," "," "," "
2002,IOWA,"WEEK #30",CORN," "," "," "," ",80,86,7,4," "," "," "," "," "," "
2002,IOWA,"WEEK #31",CORN," "," "," "," ",93,97,23,14,2,0," "," "," "," "
2002,IOWA,"WEEK #32",CORN," "," "," "," ",99,99,42,32,8,5," "," "," "," "
2002,IOWA,"WEEK #33",CORN," "," "," "," "," "," ",66,55,25,18," "," "," "," "
2002,IOWA,"WEEK #34",CORN," "," "," "," "," "," ",83,76,46,39,3,3," "," "
2002,IOWA,"WEEK #35",CORN," "," "," "," "," "," ",96,90,74,67,14,15," "," "
2002,IOWA,"WEEK #36",CORN," "," "," "," "," "," ",99,96,88,82,35,33," "," "
2002,IOWA,"WEEK #37",CORN," "," "," "," "," "," "," "," ",97,91,59,55,4,3
2002,IOWA,"WEEK #38",CORN," "," "," "," "," "," "," "," ",99,96,80,77,6,7
2002,IOWA,"WEEK #39",CORN," "," "," "," "," "," "," "," "," "," ",95,91,10,14
2002,IOWA,"WEEK #40",CORN," "," "," "," "," "," "," "," "," "," ",99,98,13,23
2002,IOWA,"WEEK #41",CORN," "," "," "," "," "," "," "," "," "," ",100,99,21,38
2002,IOWA,"WEEK #42",CORN," "," "," "," "," "," "," "," "," "," "," "," ",41,59
2002,IOWA,"WEEK #43",CORN," "," "," "," "," "," "," "," "," "," "," "," ",61,77
2002,IOWA,"WEEK #44",CORN," "," "," "," "," "," "," "," "," "," "," "," ",76,88
2002,IOWA,"WEEK #45",CORN," "," "," "," "," "," "," "," "," "," "," "," ",89,95
2002,IOWA,"WEEK #46",CORN," "," "," "," "," "," "," "," "," "," "," "," ",96,98
2002,IOWA,"WEEK #47",CORN," "," "," "," "," "," "," "," "," "," "," "," ",99,99
2001,IOWA,"WEEK #13",CORN,0,0," "," "," "," "," "," "," "," "," "," "," "," "
2001,IOWA,"WEEK #14",CORN,0,0," "," "," "," "," "," "," "," "," "," "," "," "
2001,IOWA,"WEEK #15",CORN,0,1," "," "," "," "," "," "," "," "," "," "," "," "
2001,IOWA,"WEEK #16",CORN,1,4," "," "," "," "," "," "," "," "," "," "," "," "
2001,IOWA,"WEEK #17",CORN,16,26," "," "," "," "," "," "," "," "," "," "," "," "
2001,IOWA,"WEEK #18",CORN,56,61,7,8," "," "," "," "," "," "," "," "," "," "
2001,IOWA,"WEEK #19",CORN,67,85,33,27," "," "," "," "," "," "," "," "," "," "
2001,IOWA,"WEEK #20",CORN,90,92,58,54," "," "," "," "," "," "," "," "," "," "
2001,IOWA,"WEEK #21",CORN,94,97,77,82," "," "," "," "," "," "," "," "," "," "
2001,IOWA,"WEEK #22",CORN," "," ",87,92," "," "," "," "," "," "," "," "," "," "
2001,IOWA,"WEEK #23",CORN," "," ",92,97," "," "," "," "," "," "," "," "," "," "
2001,IOWA,"WEEK #25",CORN," "," "," "," ",0,0," "," "," "," "," "," "," "," "
2001,IOWA,"WEEK #26",CORN," "," "," "," ",0,0," "," "," "," "," "," "," "," "
2001,IOWA,"WEEK #27",CORN," "," "," "," ",7,1," "," "," "," "," "," "," "," "
2001,IOWA,"WEEK #28",CORN," "," "," "," ",20,6,0,0," "," "," "," "," "," "
2001,IOWA,"WEEK #29",CORN," "," "," "," ",46,34,0,1," "," "," "," "," "," "
2001,IOWA,"WEEK #30",CORN," "," "," "," ",78,72,2,5," "," "," "," "," "," "
2001,IOWA,"WEEK #31",CORN," "," "," "," ",93,89,13,14,0,0," "," "," "," "
2001,IOWA,"WEEK #32",CORN," "," "," "," ",98,97,34,30,9,4," "," "," "," "
2001,IOWA,"WEEK #33",CORN," "," "," "," "," "," ",57,50,22,16," "," "," "," "
2001,IOWA,"WEEK #34",CORN," "," "," "," "," "," ",73,72,39,37,4,4," "," "
2001,IOWA,"WEEK #35",CORN," "," "," "," "," "," ",86,88,61,62,12,15," "," "
2001,IOWA,"WEEK #36",CORN," "," "," "," "," "," ",91,95,76,80,22,32,0,1
2001,IOWA,"WEEK #37",CORN," "," "," "," "," "," "," "," ",86,91,39,55,2,3
2001,IOWA,"WEEK #38",CORN," "," "," "," "," "," "," "," ",91,96,57,77,3,8
2001,IOWA,"WEEK #39",CORN," "," "," "," "," "," "," "," "," "," ",81,89,5,15
2001,IOWA,"WEEK #40",CORN," "," "," "," "," "," "," "," "," "," ",94,97,9,24
2001,IOWA,"WEEK #41",CORN," "," "," "," "," "," "," "," "," "," ",98,99,14,40
2001,IOWA,"WEEK #42",CORN," "," "," "," "," "," "," "," "," "," "," "," ",29,60
2001,IOWA,"WEEK #43",CORN," "," "," "," "," "," "," "," "," "," "," "," ",53,76
2001,IOWA,"WEEK #44",CORN," "," "," "," "," "," "," "," "," "," "," "," ",76,87
2001,IOWA,"WEEK #45",CORN," "," "," "," "," "," "," "," "," "," "," "," ",93,93
2001,IOWA,"WEEK #46",CORN," "," "," "," "," "," "," "," "," "," "," "," ",98,97
2000,IOWA,"WEEK #13",CORN,0,0," "," "," "," "," "," "," "," "," "," "," "," "
2000,IOWA,"WEEK #14",CORN,0,0," "," "," "," "," "," "," "," "," "," "," "," "
2000,IOWA,"WEEK #15",CORN,2,0," "," "," "," "," "," "," "," "," "," "," "," "
2000,IOWA,"WEEK #16",CORN,10,3," "," "," "," "," "," "," "," "," "," "," "," "
2000,IOWA,"WEEK #17",CORN,65,19,2,0," "," "," "," "," "," "," "," "," "," "
2000,IOWA,"WEEK #18",CORN,95,49,36,2," "," "," "," "," "," "," "," "," "," "
2000,IOWA,"WEEK #19",CORN,99,72,84,15," "," "," "," "," "," "," "," "," "," "
2000,IOWA,"WEEK #20",CORN,100,86,96,43," "," "," "," "," "," "," "," "," "," "
2000,IOWA,"WEEK #21",CORN," "," ",99,72," "," "," "," "," "," "," "," "," "," "
2000,IOWA,"WEEK #22",CORN," "," ",100,87," "," "," "," "," "," "," "," "," "," "
2000,IOWA,"WEEK #24",CORN," "," "," "," ",0,0," "," "," "," "," "," "," "," "
2000,IOWA,"WEEK #25",CORN," "," "," "," ",0,0," "," "," "," "," "," "," "," "
2000,IOWA,"WEEK #26",CORN," "," "," "," ",0,0," "," "," "," "," "," "," "," "
2000,IOWA,"WEEK #27",CORN," "," "," "," ",4,19," "," "," "," "," "," "," "," "
2000,IOWA,"WEEK #28",CORN," "," "," "," ",12,50,0,0," "," "," "," "," "," "
2000,IOWA,"WEEK #29",CORN," "," "," "," ",38,84,2,1," "," "," "," "," "," "
2000,IOWA,"WEEK #30",CORN," "," "," "," ",74,95,14,3," "," "," "," "," "," "
2000,IOWA,"WEEK #31",CORN," "," "," "," ",91,99,30,10,3,0," "," "," "," "
2000,IOWA,"WEEK #32",CORN," "," "," "," "," "," ",52,24,11,3," "," "," "," "
2000,IOWA,"WEEK #33",CORN," "," "," "," "," "," ",72,46,33,13," "," "," "," "
2000,IOWA,"WEEK #34",CORN," "," "," "," "," "," ",91,70,64,33,9,3," "," "
2000,IOWA,"WEEK #35",CORN," "," "," "," "," "," ",98,86,86,60,32,12,1,0
2000,IOWA,"WEEK #36",CORN," "," "," "," "," "," "," "," ",95,79,61,28,3,1
2000,IOWA,"WEEK #37",CORN," "," "," "," "," "," "," "," ",99,91,87,51,10,3
2000,IOWA,"WEEK #38",CORN," "," "," "," "," "," "," "," "," "," ",98,75,21,5
2000,IOWA,"WEEK #39",CORN," "," "," "," "," "," "," "," "," "," ",100,89,38,10
2000,IOWA,"WEEK #40",CORN," "," "," "," "," "," "," "," "," "," ",100,96,53,18
2000,IOWA,"WEEK #41",CORN," "," "," "," "," "," "," "," "," "," "," "," ",76,34
2000,IOWA,"WEEK #42",CORN," "," "," "," "," "," "," "," "," "," "," "," ",91,55
2000,IOWA,"WEEK #43",CORN," "," "," "," "," "," "," "," "," "," "," "," ",96,74
2000,IOWA,"WEEK #44",CORN," "," "," "," "," "," "," "," "," "," "," "," ",98,86
2000,IOWA,"WEEK #45",CORN," "," "," "," "," "," "," "," "," "," "," "," ",99,93
1999,IOWA,"WEEK #13",CORN,0,0," "," "," "," "," "," "," "," "," "," "," "," "
1999,IOWA,"WEEK #14",CORN,0,0," "," "," "," "," "," "," "," "," "," "," "," "
1999,IOWA,"WEEK #15",CORN,1,2," "," "," "," "," "," "," "," "," "," "," "," "
1999,IOWA,"WEEK #16",CORN,3,10," "," "," "," "," "," "," "," "," "," "," "," "
1999,IOWA,"WEEK #17",CORN,14,37,0,1," "," "," "," "," "," "," "," "," "," "
1999,IOWA,"WEEK #18",CORN,66,63,2,6," "," "," "," "," "," "," "," "," "," "
1999,IOWA,"WEEK #19",CORN,83,80,18,28," "," "," "," "," "," "," "," "," "," "
1999,IOWA,"WEEK #20",CORN,88,91,61,60," "," "," "," "," "," "," "," "," "," "
1999,IOWA,"WEEK #21",CORN,97,95,82,80," "," "," "," "," "," "," "," "," "," "
1999,IOWA,"WEEK #22",CORN," "," ",93,91," "," "," "," "," "," "," "," "," "," "
1999,IOWA,"WEEK #23",CORN," "," ",99,96," "," "," "," "," "," "," "," "," "," "
1999,IOWA,"WEEK #24",CORN," "," "," "," ",0,0," "," "," "," "," "," "," "," "
1999,IOWA,"WEEK #25",CORN," "," "," "," ",0,0," "," "," "," "," "," "," "," "
1999,IOWA,"WEEK #26",CORN," "," "," "," ",0,0," "," "," "," "," "," "," "," "
1999,IOWA,"WEEK #27",CORN," "," "," "," ",6,2,0,0," "," "," "," "," "," "
1999,IOWA,"WEEK #28",CORN," "," "," "," ",23,20,0,0," "," "," "," "," "," "
1999,IOWA,"WEEK #29",CORN," "," "," "," ",54,73,0,0," "," "," "," "," "," "
1999,IOWA,"WEEK #30",CORN," "," "," "," ",81,92,6,6," "," "," "," "," "," "
1999,IOWA,"WEEK #31",CORN," "," "," "," ",94,98,21,15,0,0," "," "," "," "
1999,IOWA,"WEEK #32",CORN," "," "," "," "," "," ",52,30,12,5," "," "," "," "
1999,IOWA,"WEEK #33",CORN," "," "," "," "," "," ",72,55,38,16," "," "," "," "
1999,IOWA,"WEEK #34",CORN," "," "," "," "," "," ",89,77,64,41,8,6," "," "
1999,IOWA,"WEEK #35",CORN," "," "," "," "," "," ",95,90,85,66,27,16,0,0
1999,IOWA,"WEEK #36",CORN," "," "," "," "," "," "," "," ",92,84,46,34,1,2
1999,IOWA,"WEEK #37",CORN," "," "," "," "," "," "," "," ",97,93,79,60,4,3
1999,IOWA,"WEEK #38",CORN," "," "," "," "," "," "," "," "," "," ",95,81,9,6
1999,IOWA,"WEEK #39",CORN," "," "," "," "," "," "," "," "," "," ",100,92,18,11
1999,IOWA,"WEEK #40",CORN," "," "," "," "," "," "," "," "," "," ",100,97,33,20
1999,IOWA,"WEEK #41",CORN," "," "," "," "," "," "," "," "," "," "," "," ",58,36
1999,IOWA,"WEEK #42",CORN," "," "," "," "," "," "," "," "," "," "," "," ",86,56
1999,IOWA,"WEEK #43",CORN," "," "," "," "," "," "," "," "," "," "," "," ",95,74
1999,IOWA,"WEEK #44",CORN," "," "," "," "," "," "," "," "," "," "," "," ",98,87
1999,IOWA,"WEEK #45",CORN," "," "," "," "," "," "," "," "," "," "," "," ",100,94
1998,IOWA,"WEEK #16",CORN," ",2," "," "," "," "," "," "," "," "," "," "," "," "
1998,IOWA,"WEEK #17",CORN,3,11," "," "," "," "," "," "," "," "," "," "," "," "
1998,IOWA,"WEEK #18",CORN,38,34," "," "," "," "," "," "," "," "," "," "," "," "
1998,IOWA,"WEEK #19",CORN,77,53," "," "," "," "," "," "," "," "," "," "," "," "
1998,IOWA,"WEEK #20",CORN,91,69," "," "," "," "," "," "," "," "," "," "," "," "
1998,IOWA,"WEEK #21",CORN,98,86," "," "," "," "," "," "," "," "," "," "," "," "
1998,IOWA,"WEEK #22",CORN,99,92," "," "," "," "," "," "," "," "," "," "," "," "
1998,IOWA,"WEEK #27",CORN," "," "," "," ",1," "," "," "," "," "," "," "," "," "
1998,IOWA,"WEEK #28",CORN," "," "," "," ",5,3," "," "," "," "," "," "," "," "
1998,IOWA,"WEEK #29",CORN," "," "," "," ",16,49," "," "," "," "," "," "," "," "
1998,IOWA,"WEEK #30",CORN," "," "," "," ",44,84," "," "," "," "," "," "," "," "
1998,IOWA,"WEEK #31",CORN," "," "," "," ",71,94,10,5," "," "," "," "," "," "
1998,IOWA,"WEEK #32",CORN," "," "," "," ",87,99,29,11," "," "," "," "," "," "
1998,IOWA,"WEEK #33",CORN," "," "," "," "," "," ",50,25,7,5," "," "," "," "
1998,IOWA,"WEEK #34",CORN," "," "," "," "," "," ",75,47,26,14," "," "," "," "
1998,IOWA,"WEEK #35",CORN," "," "," "," "," "," ",92,69,71,34,11,5," "," "
1998,IOWA,"WEEK #36",CORN," "," "," "," "," "," ",97,83,88,56,29,12," ",3
1998,IOWA,"WEEK #37",CORN," "," "," "," "," "," "," "," ",96,74,65,26,3,1
1998,IOWA,"WEEK #38",CORN," "," "," "," "," "," "," "," ",98,88,88,51,6,3
1998,IOWA,"WEEK #39",CORN," "," "," "," "," "," "," "," "," "," ",97,71,13,5
1998,IOWA,"WEEK #40",CORN," "," "," "," "," "," "," "," "," "," ",99,84,19,9
1998,IOWA,"WEEK #41",CORN," "," "," "," "," "," "," "," "," "," "," "," ",31,17
1998,IOWA,"WEEK #42",CORN," "," "," "," "," "," "," "," "," "," "," "," ",52,32
1998,IOWA,"WEEK #43",CORN," "," "," "," "," "," "," "," "," "," "," "," ",70,50
1998,IOWA,"WEEK #44",CORN," "," "," "," "," "," "," "," "," "," "," "," ",86,69
1998,IOWA,"WEEK #45",CORN," "," "," "," "," "," "," "," "," "," "," "," ",92,85
1998,IOWA,"WEEK #46",CORN," "," "," "," "," "," "," "," "," "," "," "," ",95,94
1998,IOWA,"WEEK #47",CORN," "," "," "," "," "," "," "," "," "," "," "," ",98,98
1997,IOWA,"WEEK #16",CORN," ",3," "," "," "," "," "," "," "," "," "," "," "," "
1997,IOWA,"WEEK #17",CORN,4,14," "," "," "," "," "," "," "," "," "," "," "," "
1997,IOWA,"WEEK #18",CORN,53,33," "," "," "," "," "," "," "," "," "," "," "," "
1997,IOWA,"WEEK #19",CORN,78,58," "," "," "," "," "," "," "," "," "," "," "," "
1997,IOWA,"WEEK #20",CORN,94,73," "," "," "," "," "," "," "," "," "," "," "," "
1997,IOWA,"WEEK #21",CORN,99,87," "," "," "," "," "," "," "," "," "," "," "," "
1997,IOWA,"WEEK #22",CORN,100,93," "," "," "," "," "," "," "," "," "," "," "," "
1997,IOWA,"WEEK #27",CORN," "," "," "," ",1," "," "," "," "," "," "," "," "," "
1997,IOWA,"WEEK #28",CORN," "," "," "," ",6," "," "," "," "," "," "," "," "," "
1997,IOWA,"WEEK #29",CORN," "," "," "," ",20,11," "," "," "," "," "," "," "," "
1997,IOWA,"WEEK #30",CORN," "," "," "," ",48,70," "," "," "," "," "," "," "," "
1997,IOWA,"WEEK #31",CORN," "," "," "," ",73,92," "," "," "," "," "," "," "," "
1997,IOWA,"WEEK #32",CORN," "," "," "," ",88,99,13,13," "," "," "," "," "," "
1997,IOWA,"WEEK #33",CORN," "," "," "," "," "," ",32,27," "," "," "," "," "," "
1997,IOWA,"WEEK #34",CORN," "," "," "," "," "," ",59,47,12,16," "," "," "," "
1997,IOWA,"WEEK #35",CORN," "," "," "," "," "," ",86,66,43,33," ",4," "," "
1997,IOWA,"WEEK #36",CORN," "," "," "," "," "," ",94,82,65,55," ",13," "," "
1997,IOWA,"WEEK #37",CORN," "," "," "," "," "," ",97,90,82,73,21,28," ",2
1997,IOWA,"WEEK #38",CORN," "," "," "," "," "," "," "," ",95,86,56,51,1,3
1997,IOWA,"WEEK #39",CORN," "," "," "," "," "," "," "," ",98,94,80,69,3,5
1997,IOWA,"WEEK #40",CORN," "," "," "," "," "," "," "," "," "," ",96,84,8,10
1997,IOWA,"WEEK #41",CORN," "," "," "," "," "," "," "," "," "," ",99,94,22,17
1997,IOWA,"WEEK #42",CORN," "," "," "," "," "," "," "," "," "," ",100,99,49,27
1997,IOWA,"WEEK #43",CORN," "," "," "," "," "," "," "," "," "," "," "," ",76,43
1997,IOWA,"WEEK #44",CORN," "," "," "," "," "," "," "," "," "," "," "," ",84,63
1997,IOWA,"WEEK #45",CORN," "," "," "," "," "," "," "," "," "," "," "," ",91,78
1997,IOWA,"WEEK #46",CORN," "," "," "," "," "," "," "," "," "," "," "," ",96,88
1997,IOWA,"WEEK #47",CORN," "," "," "," "," "," "," "," "," "," "," "," ",99,93
1997,IOWA,"WEEK #48",CORN," "," "," "," "," "," "," "," "," "," "," "," ",100,95
1996,IOWA,"WEEK #15",CORN,0,1," "," "," "," "," "," "," "," "," "," "," "," "
1996,IOWA,"WEEK #16",CORN,2,4," "," "," "," "," "," "," "," "," "," "," "," "
1996,IOWA,"WEEK #17",CORN,23,13," "," "," "," "," "," "," "," "," "," "," "," "
1996,IOWA,"WEEK #18",CORN,54,29," "," "," "," "," "," "," "," "," "," "," "," "
1996,IOWA,"WEEK #19",CORN,83,50," "," "," "," "," "," "," "," "," "," "," "," "
1996,IOWA,"WEEK #20",CORN,86,70," "," "," "," "," "," "," "," "," "," "," "," "
1996,IOWA,"WEEK #21",CORN,95,83," "," "," "," "," "," "," "," "," "," "," "," "
1996,IOWA,"WEEK #22",CORN,96,90," "," "," "," "," "," "," "," "," "," "," "," "
1996,IOWA,"WEEK #23",CORN,98,95," "," "," "," "," "," "," "," "," "," "," "," "
1996,IOWA,"WEEK #24",CORN,99,98," "," "," "," "," "," "," "," "," "," "," "," "
1996,IOWA,"WEEK #27",CORN," "," "," "," ",3," "," "," "," "," "," "," "," "," "
1996,IOWA,"WEEK #28",CORN," "," "," "," ",14," "," "," "," "," "," "," "," "," "
1996,IOWA,"WEEK #29",CORN," "," "," "," ",34,4," "," "," "," "," "," "," "," "
1996,IOWA,"WEEK #30",CORN," "," "," "," ",59,42," "," "," "," "," "," "," "," "
1996,IOWA,"WEEK #31",CORN," "," "," "," ",78,77," "," "," "," "," "," "," "," "
1996,IOWA,"WEEK #32",CORN," "," "," "," ",90,93," "," "," "," "," "," "," "," "
1996,IOWA,"WEEK #33",CORN," "," "," "," ",96,97,14,38," "," "," "," "," "," "
1996,IOWA,"WEEK #34",CORN," "," "," "," "," "," ",39,56,7,24," "," "," "," "
1996,IOWA,"WEEK #35",CORN," "," "," "," "," "," ",64,72,20,44," "," "," "," "
1996,IOWA,"WEEK #36",CORN," "," "," "," "," "," ",84,85,51,63,4,21," "," "
1996,IOWA,"WEEK #37",CORN," "," "," "," "," "," ",94,92,77,78,16,40,1,3
1996,IOWA,"WEEK #38",CORN," "," "," "," "," "," "," "," ",88,89,40,62,2,5
1996,IOWA,"WEEK #39",CORN," "," "," "," "," "," "," "," ",96,95,63,78,3,9
1996,IOWA,"WEEK #40",CORN," "," "," "," "," "," "," "," "," "," ",85,89,5,15
1996,IOWA,"WEEK #41",CORN," "," "," "," "," "," "," "," "," "," ",94,96,8,26
1996,IOWA,"WEEK #42",CORN," "," "," "," "," "," "," "," "," "," ",98,99,17,39
1996,IOWA,"WEEK #43",CORN," "," "," "," "," "," "," "," "," "," "," "," ",35,56
1996,IOWA,"WEEK #44",CORN," "," "," "," "," "," "," "," "," "," "," "," ",62,71
1996,IOWA,"WEEK #45",CORN," "," "," "," "," "," "," "," "," "," "," "," ",80,82
1996,IOWA,"WEEK #46",CORN," "," "," "," "," "," "," "," "," "," "," "," ",91,87
1996,IOWA,"WEEK #47",CORN," "," "," "," "," "," "," "," "," "," "," "," ",95,95
1996,IOWA,"WEEK #48",CORN," "," "," "," "," "," "," "," "," "," "," "," ",97,96
1995,IOWA,"WEEK #15",CORN," ",1," "," "," "," "," "," "," "," "," "," "," "," "
1995,IOWA,"WEEK #16",CORN," ",6," "," "," "," "," "," "," "," "," "," "," "," "
1995,IOWA,"WEEK #17",CORN,2,22," "," "," "," "," "," "," "," "," "," "," "," "
1995,IOWA,"WEEK #18",CORN,10,47," "," "," "," "," "," "," "," "," "," "," "," "
1995,IOWA,"WEEK #19",CORN,30,65," "," "," "," "," "," "," "," "," "," "," "," "
1995,IOWA,"WEEK #20",CORN,62,80," "," "," "," "," "," "," "," "," "," "," "," "
1995,IOWA,"WEEK #21",CORN,80,88," "," "," "," "," "," "," "," "," "," "," "," "
1995,IOWA,"WEEK #22",CORN,86,93," "," "," "," "," "," "," "," "," "," "," "," "
1995,IOWA,"WEEK #23",CORN,92,97," "," "," "," "," "," "," "," "," "," "," "," "
1995,IOWA,"WEEK #24",CORN,98,99," "," "," "," "," "," "," "," "," "," "," "," "
1995,IOWA,"WEEK #27",CORN," "," "," "," ",5," "," "," "," "," "," "," "," "," "
1995,IOWA,"WEEK #28",CORN," "," "," "," ",19," "," "," "," "," "," "," "," "," "
1995,IOWA,"WEEK #29",CORN," "," "," "," ",42,14," "," "," "," "," "," "," "," "
1995,IOWA,"WEEK #30",CORN," "," "," "," ",66,60," "," "," "," "," "," "," "," "
1995,IOWA,"WEEK #31",CORN," "," "," "," ",83,85," ",14," "," "," "," "," "," "
1995,IOWA,"WEEK #32",CORN," "," "," "," ",93,96,8,27," "," "," "," "," "," "
1995,IOWA,"WEEK #33",CORN," "," "," "," "," "," ",36,44,7,16," "," "," "," "
1995,IOWA,"WEEK #34",CORN," "," "," "," "," "," ",63,60,23,29," "," "," "," "
1995,IOWA,"WEEK #35",CORN," "," "," "," "," "," ",84,77,57,49," "," "," "," "
1995,IOWA,"WEEK #36",CORN," "," "," "," "," "," ",96,88,80,66,25,25," "," "
1995,IOWA,"WEEK #37",CORN," "," "," "," "," "," "," "," ",94,82,46,49,3,3
1995,IOWA,"WEEK #38",CORN," "," "," "," "," "," "," "," "," "," ",79,69,4,6
1995,IOWA,"WEEK #39",CORN," "," "," "," "," "," "," "," "," "," ",94,82,9,12
1995,IOWA,"WEEK #40",CORN," "," "," "," "," "," "," "," "," "," ",96,92,15,20
1995,IOWA,"WEEK #41",CORN," "," "," "," "," "," "," "," "," "," "," "," ",30,31
1995,IOWA,"WEEK #42",CORN," "," "," "," "," "," "," "," "," "," "," "," ",53,46
1995,IOWA,"WEEK #43",CORN," "," "," "," "," "," "," "," "," "," "," "," ",76,62
1995,IOWA,"WEEK #44",CORN," "," "," "," "," "," "," "," "," "," "," "," ",89,76
1995,IOWA,"WEEK #45",CORN," "," "," "," "," "," "," "," "," "," "," "," ",97,85
1994,IOWA,"WEEK #15",CORN,3," "," "," "," "," "," "," "," "," "," "," "," "," "
1994,IOWA,"WEEK #16",CORN,22,4," "," "," "," "," "," "," "," "," "," "," "," "
1994,IOWA,"WEEK #17",CORN,65,18," "," "," "," "," "," "," "," "," "," "," "," "
1994,IOWA,"WEEK #18",CORN,85,45," "," "," "," "," "," "," "," "," "," "," "," "
1994,IOWA,"WEEK #19",CORN,98,66," "," "," "," "," "," "," "," "," "," "," "," "
1994,IOWA,"WEEK #20",CORN,100,82," "," "," "," "," "," "," "," "," "," "," "," "
1994,IOWA,"WEEK #21",CORN,100,89," "," "," "," "," "," "," "," "," "," "," "," "
1994,IOWA,"WEEK #27",CORN," "," "," "," ",4,10," "," "," "," "," "," "," "," "
1994,IOWA,"WEEK #28",CORN," "," "," "," ",16,52," "," "," "," "," "," "," "," "
1994,IOWA,"WEEK #29",CORN," "," "," "," ",42,82," "," "," "," "," "," "," "," "
1994,IOWA,"WEEK #30",CORN," "," "," "," ",67,98,12,2," "," "," "," "," "," "
1994,IOWA,"WEEK #31",CORN," "," "," "," "," "," ",31,12," "," "," "," "," "," "
1994,IOWA,"WEEK #32",CORN," "," "," "," "," "," ",48,27,12,7," "," "," "," "
1994,IOWA,"WEEK #33",CORN," "," "," "," "," "," ",78,43,30,16," "," "," "," "
1994,IOWA,"WEEK #34",CORN," "," "," "," "," "," ",93,62,58,31," "," "," "," "
1994,IOWA,"WEEK #35",CORN," "," "," "," "," "," ",100,77,84,50,23,14," "," "
1994,IOWA,"WEEK #36",CORN," "," "," "," "," "," "," "," ",98,68,43,26,3,2
1994,IOWA,"WEEK #37",CORN," "," "," "," "," "," "," "," ",100,83,84,45,5,3
1994,IOWA,"WEEK #38",CORN," "," "," "," "," "," "," "," "," "," ",98,69,8,7
1994,IOWA,"WEEK #39",CORN," "," "," "," "," "," "," "," "," "," ",100,85,13,12
1994,IOWA,"WEEK #40",CORN," "," "," "," "," "," "," "," "," "," ",100,93,23,22
1994,IOWA,"WEEK #41",CORN," "," "," "," "," "," "," "," "," "," "," "," ",40,36
1994,IOWA,"WEEK #42",CORN," "," "," "," "," "," "," "," "," "," "," "," ",57,52
1994,IOWA,"WEEK #43",CORN," "," "," "," "," "," "," "," "," "," "," "," ",74,69
1994,IOWA,"WEEK #44",CORN," "," "," "," "," "," "," "," "," "," "," "," ",89,80
1994,IOWA,"WEEK #45",CORN," "," "," "," "," "," "," "," "," "," "," "," ",95,87
1994,IOWA,"WEEK #46",CORN," "," "," "," "," "," "," "," "," "," "," "," ",99,92
1993,IOWA,"WEEK #15",CORN," ",3," "," "," "," "," "," "," "," "," "," "," "," "
1993,IOWA,"WEEK #16",CORN," ",8," "," "," "," "," "," "," "," "," "," "," "," "
1993,IOWA,"WEEK #17",CORN,3,27," "," "," "," "," "," "," "," "," "," "," "," "
1993,IOWA,"WEEK #18",CORN,7,65," "," "," "," "," "," "," "," "," "," "," "," "
1993,IOWA,"WEEK #19",CORN,20,84," "," "," "," "," "," "," "," "," "," "," "," "
1993,IOWA,"WEEK #20",CORN,65,90," "," "," "," "," "," "," "," "," "," "," "," "
1993,IOWA,"WEEK #21",CORN,83,94," "," "," "," "," "," "," "," "," "," "," "," "
1993,IOWA,"WEEK #22",CORN,88,97," "," "," "," "," "," "," "," "," "," "," "," "
1993,IOWA,"WEEK #23",CORN,95,99," "," "," "," "," "," "," "," "," "," "," "," "
1993,IOWA,"WEEK #26",CORN," "," "," "," ",1," "," "," "," "," "," "," "," "," "
1993,IOWA,"WEEK #27",CORN," "," "," "," ",15," "," "," "," "," "," "," "," "," "
1993,IOWA,"WEEK #28",CORN," "," "," "," ",31,1," "," "," "," "," "," "," "," "
1993,IOWA,"WEEK #29",CORN," "," "," "," ",62,6," ",9," "," "," "," "," "," "
1993,IOWA,"WEEK #30",CORN," "," "," "," ",85,24," ",10," "," "," "," "," "," "
1993,IOWA,"WEEK #31",CORN," "," "," "," ",95,55," ",24," "," "," "," "," "," "
1993,IOWA,"WEEK #32",CORN," "," "," "," ",99,78,8,43," ",17," "," "," "," "
1993,IOWA,"WEEK #33",CORN," "," "," "," ",100,92,15,62," ",32," "," "," "," "
1993,IOWA,"WEEK #34",CORN," "," "," "," "," "," ",35,77,10,50," "," "," "," "
1993,IOWA,"WEEK #35",CORN," "," "," "," "," "," ",52,94,20,80," ",31," "," "
1993,IOWA,"WEEK #36",CORN," "," "," "," "," "," ",64,99,32,92,4,49," "," "
1993,IOWA,"WEEK #37",CORN," "," "," "," "," "," ",85,99,64,93,20,69,1,8
1993,IOWA,"WEEK #38",CORN," "," "," "," "," "," ",92,100,78,99,34,85,3,15
1993,IOWA,"WEEK #39",CORN," "," "," "," "," "," "," "," ",85,100,50,96,5,24
1993,IOWA,"WEEK #40",CORN," "," "," "," "," "," "," "," "," "," ",75,99,8,38
1993,IOWA,"WEEK #41",CORN," "," "," "," "," "," "," "," "," "," ",95,100,12,53
1993,IOWA,"WEEK #42",CORN," "," "," "," "," "," "," "," "," "," ",100,100,22,70
1993,IOWA,"WEEK #43",CORN," "," "," "," "," "," "," "," "," "," "," "," ",45,81
1993,IOWA,"WEEK #44",CORN," "," "," "," "," "," "," "," "," "," "," "," ",75,85
1993,IOWA,"WEEK #45",CORN," "," "," "," "," "," "," "," "," "," "," "," ",92,90
1993,IOWA,"WEEK #46",CORN," "," "," "," "," "," "," "," "," "," "," "," ",97,94
1993,IOWA,"WEEK #47",CORN," "," "," "," "," "," "," "," "," "," "," "," ",99,95
1992,IOWA,"WEEK #16",CORN,3,1," "," "," "," "," "," "," "," "," "," "," "," "
1992,IOWA,"WEEK #17",CORN,3,10," "," "," "," "," "," "," "," "," "," "," "," "
1992,IOWA,"WEEK #18",CORN,22,38," "," "," "," "," "," "," "," "," "," "," "," "
1992,IOWA,"WEEK #19",CORN,86,68," "," "," "," "," "," "," "," "," "," "," "," "
1992,IOWA,"WEEK #20",CORN,97,86," "," "," "," "," "," "," "," "," "," "," "," "
1992,IOWA,"WEEK #21",CORN,99,91," "," "," "," "," "," "," "," "," "," "," "," "
1992,IOWA,"WEEK #27",CORN," "," "," "," ",2," "," "," "," "," "," "," "," "," "
1992,IOWA,"WEEK #28",CORN," "," "," "," ",19," "," "," "," "," "," "," "," "," "
1992,IOWA,"WEEK #29",CORN," "," "," "," ",48,18," "," "," "," "," "," "," "," "
1992,IOWA,"WEEK #30",CORN," "," "," "," ",73,60," ",3," "," "," "," "," "," "
1992,IOWA,"WEEK #31",CORN," "," "," "," ",90,85," ",15," "," "," "," "," "," "
1992,IOWA,"WEEK #32",CORN," "," "," "," ",97,96,14,35," "," "," "," "," "," "
1992,IOWA,"WEEK #33",CORN," "," "," "," "," "," ",25,59,5,31," "," "," "," "
1992,IOWA,"WEEK #34",CORN," "," "," "," "," "," ",43,75,12,47," "," "," "," "
1992,IOWA,"WEEK #35",CORN," "," "," "," "," "," ",57,88,21,67," "," "," "," "
1992,IOWA,"WEEK #36",CORN," "," "," "," "," "," ",81,96,44,82,8,45," "," "
1992,IOWA,"WEEK #37",CORN," "," "," "," "," "," ",90,99,61,93,18,67," "," "
1992,IOWA,"WEEK #38",CORN," "," "," "," "," "," "," "," ",76,99,36,85,2,10
1992,IOWA,"WEEK #39",CORN," "," "," "," "," "," "," "," ",94,100,59,95,3,19
1992,IOWA,"WEEK #40",CORN," "," "," "," "," "," "," "," "," "," ",84,100,8,30
1992,IOWA,"WEEK #41",CORN," "," "," "," "," "," "," "," "," "," ",97,100,12,50
1992,IOWA,"WEEK #42",CORN," "," "," "," "," "," "," "," "," "," ",100,100,14,69
1992,IOWA,"WEEK #43",CORN," "," "," "," "," "," "," "," "," "," ",100,100,24,86
1992,IOWA,"WEEK #44",CORN," "," "," "," "," "," "," "," "," "," "," "," ",37,93
1992,IOWA,"WEEK #45",CORN," "," "," "," "," "," "," "," "," "," "," "," ",45,97
1992,IOWA,"WEEK #46",CORN," "," "," "," "," "," "," "," "," "," "," "," ",60,98
1992,IOWA,"WEEK #47",CORN," "," "," "," "," "," "," "," "," "," "," "," ",74,99
1992,IOWA,"WEEK #48",CORN," "," "," "," "," "," "," "," "," "," "," "," ",80,99
1992,IOWA,"WEEK #49",CORN," "," "," "," "," "," "," "," "," "," "," "," ",85,99
1992,IOWA,"WEEK #50",CORN," "," "," "," "," "," "," "," "," "," "," "," ",91,100
1991,IOWA,"WEEK #16",CORN,1,2," "," "," "," "," "," "," "," "," "," "," "," "
1991,IOWA,"WEEK #17",CORN,5,18," "," "," "," "," "," "," "," "," "," "," "," "
1991,IOWA,"WEEK #18",CORN,15,52," "," "," "," "," "," "," "," "," "," "," "," "
1991,IOWA,"WEEK #19",CORN,33,80," "," "," "," "," "," "," "," "," "," "," "," "
1991,IOWA,"WEEK #20",CORN,60,91," "," "," "," "," "," "," "," "," "," "," "," "
1991,IOWA,"WEEK #21",CORN,70,95," "," "," "," "," "," "," "," "," "," "," "," "
1991,IOWA,"WEEK #22",CORN,82,97," "," "," "," "," "," "," "," "," "," "," "," "
1991,IOWA,"WEEK #23",CORN,92,99," "," "," "," "," "," "," "," "," "," "," "," "
1991,IOWA,"WEEK #27",CORN," "," "," "," ",4," "," "," "," "," "," "," "," "," "
1991,IOWA,"WEEK #28",CORN," "," "," "," ",25,29," "," "," "," "," "," "," "," "
1991,IOWA,"WEEK #29",CORN," "," "," "," ",55,57," "," "," "," "," "," "," "," "
1991,IOWA,"WEEK #30",CORN," "," "," "," ",81,78," ",7," "," "," "," "," "," "
1991,IOWA,"WEEK #31",CORN," "," "," "," ",95,88,20,20," "," "," "," "," "," "
1991,IOWA,"WEEK #32",CORN," "," "," "," "," "," ",41,43,12,16," "," "," "," "
1991,IOWA,"WEEK #33",CORN," "," "," "," "," "," ",58,65,30,36," "," "," "," "
1991,IOWA,"WEEK #34",CORN," "," "," "," "," "," ",66,83,38,54," "," "," "," "
1991,IOWA,"WEEK #35",CORN," "," "," "," "," "," "," "," ",60,72,22,27," "," "
1991,IOWA,"WEEK #36",CORN," "," "," "," "," "," "," "," ",75,86,40,48,3,2
1991,IOWA,"WEEK #37",CORN," "," "," "," "," "," "," "," ",88,97,62,72,5,5
1991,IOWA,"WEEK #38",CORN," "," "," "," "," "," "," "," "," "," ",82,88,8,11
1991,IOWA,"WEEK #39",CORN," "," "," "," "," "," "," "," "," "," ",95,97,20,18
1991,IOWA,"WEEK #40",CORN," "," "," "," "," "," "," "," "," "," "," "," ",27,31
1991,IOWA,"WEEK #41",CORN," "," "," "," "," "," "," "," "," "," "," "," ",47,49
1991,IOWA,"WEEK #42",CORN," "," "," "," "," "," "," "," "," "," "," "," ",67,66
1991,IOWA,"WEEK #43",CORN," "," "," "," "," "," "," "," "," "," "," "," ",85,79
1991,IOWA,"WEEK #44",CORN," "," "," "," "," "," "," "," "," "," "," "," ",90,88
1991,IOWA,"WEEK #45",CORN," "," "," "," "," "," "," "," "," "," "," "," ",92,94
1990,IOWA,"WEEK #16",CORN,1,4," "," "," "," "," "," "," "," "," "," "," "," "
1990,IOWA,"WEEK #17",CORN,20,22," "," "," "," "," "," "," "," "," "," "," "," "
1990,IOWA,"WEEK #18",CORN,64,59," "," "," "," "," "," "," "," "," "," "," "," "
1990,IOWA,"WEEK #19",CORN,80,85," "," "," "," "," "," "," "," "," "," "," "," "
1990,IOWA,"WEEK #20",CORN,85,95," "," "," "," "," "," "," "," "," "," "," "," "
1990,IOWA,"WEEK #21",CORN,87,98," "," "," "," "," "," "," "," "," "," "," "," "
1990,IOWA,"WEEK #22",CORN,94,99," "," "," "," "," "," "," "," "," "," "," "," "
1990,IOWA,"WEEK #23",CORN,99,100," "," "," "," "," "," "," "," "," "," "," "," "
1990,IOWA,"WEEK #24",CORN,99,100," "," "," "," "," "," "," "," "," "," "," "," "
1990,IOWA,"WEEK #27",CORN," "," "," "," ",7," "," "," "," "," "," "," "," "," "
1990,IOWA,"WEEK #28",CORN," "," "," "," ",33," "," "," "," "," "," "," "," "," "
1990,IOWA,"WEEK #29",CORN," "," "," "," ",68,15," "," "," "," "," "," "," "," "
1990,IOWA,"WEEK #30",CORN," "," "," "," ",91,55," ",9," "," "," "," "," "," "
1990,IOWA,"WEEK #31",CORN," "," "," "," ",98,85," ",28," "," "," "," "," "," "
1990,IOWA,"WEEK #32",CORN," "," "," "," ",100,98,15,52," ",21," "," "," "," "
1990,IOWA,"WEEK #33",CORN," "," "," "," "," "," ",35,74,10,42," "," "," "," "
1990,IOWA,"WEEK #34",CORN," "," "," "," "," "," ",55,91,20,62," "," "," "," "
1990,IOWA,"WEEK #35",CORN," "," "," "," "," "," ",82,96,45,77," ",31," "," "
1990,IOWA,"WEEK #36",CORN," "," "," "," "," "," ",98,100,72,89,20,51," "," "
1990,IOWA,"WEEK #37",CORN," "," "," "," "," "," "," "," ",95,99,50,74,3,6
1990,IOWA,"WEEK #38",CORN," "," "," "," "," "," "," "," ",99,100,80,90,6,12
1990,IOWA,"WEEK #39",CORN," "," "," "," "," "," "," "," "," "," ",96,97,12,19
1990,IOWA,"WEEK #40",CORN," "," "," "," "," "," "," "," "," "," ",99,99,25,31
1990,IOWA,"WEEK #41",CORN," "," "," "," "," "," "," "," "," "," ",100,100,40,47
1990,IOWA,"WEEK #42",CORN," "," "," "," "," "," "," "," "," "," ",100,100,60,61
1990,IOWA,"WEEK #43",CORN," "," "," "," "," "," "," "," "," "," "," "," ",80,72
1990,IOWA,"WEEK #44",CORN," "," "," "," "," "," "," "," "," "," "," "," ",92,82
1990,IOWA,"WEEK #45",CORN," "," "," "," "," "," "," "," "," "," "," "," ",96,90
1990,IOWA,"WEEK #46",CORN," "," "," "," "," "," "," "," "," "," "," "," ",98,94
1990,IOWA,"WEEK #47",CORN," "," "," "," "," "," "," "," "," "," "," "," ",99,96
1989,IOWA,"WEEK #16",CORN,4,4," "," "," "," "," "," "," "," "," "," "," "," "
1989,IOWA,"WEEK #17",CORN,20,24," "," "," "," "," "," "," "," "," "," "," "," "
1989,IOWA,"WEEK #18",CORN,45,56," "," "," "," "," "," "," "," "," "," "," "," "
1989,IOWA,"WEEK #19",CORN,88,79," "," "," "," "," "," "," "," "," "," "," "," "
1989,IOWA,"WEEK #20",CORN,99,92," "," "," "," "," "," "," "," "," "," "," "," "
1989,IOWA,"WEEK #21",CORN,100,99," "," "," "," "," "," "," "," "," "," "," "," "
1989,IOWA,"WEEK #22",CORN,100,100," "," "," "," "," "," "," "," "," "," "," "," "
1989,IOWA,"WEEK #23",CORN,100,100," "," "," "," "," "," "," "," "," "," "," "," "
1989,IOWA,"WEEK #27",CORN," "," "," "," ",8," "," "," "," "," "," "," "," "," "
1989,IOWA,"WEEK #28",CORN," "," "," "," ",38,20," "," "," "," "," "," "," "," "
1989,IOWA,"WEEK #29",CORN," "," "," "," ",71,56," ",2," "," "," "," "," "," "
1989,IOWA,"WEEK #30",CORN," "," "," "," ",89,85,1,11," "," "," "," "," "," "
1989,IOWA,"WEEK #31",CORN," "," "," "," ",97,99,12,32," "," "," "," "," "," "
1989,IOWA,"WEEK #32",CORN," "," "," "," ",100,100,36,53,10,23," "," "," "," "
1989,IOWA,"WEEK #33",CORN," "," "," "," "," "," ",64,76,22,44,1,5," "," "
1989,IOWA,"WEEK #34",CORN," "," "," "," "," "," ",88,89,50,63,10,11," "," "
1989,IOWA,"WEEK #35",CORN," "," "," "," "," "," ",95,95,70,77,22,30," "," "
1989,IOWA,"WEEK #36",CORN," "," "," "," "," "," "," "," ",94,89,34,53,2,2
1989,IOWA,"WEEK #37",CORN," "," "," "," "," "," "," "," ",100,96,70,73,5,7
1989,IOWA,"WEEK #38",CORN," "," "," "," "," "," "," "," "," "," ",93,88,10,12
1989,IOWA,"WEEK #39",CORN," "," "," "," "," "," "," "," "," "," ",99,98,15,19
1989,IOWA,"WEEK #40",CORN," "," "," "," "," "," "," "," "," "," ",100,100,30,32
1989,IOWA,"WEEK #41",CORN," "," "," "," "," "," "," "," "," "," ",100,100,55,44
1989,IOWA,"WEEK #42",CORN," "," "," "," "," "," "," "," "," "," "," "," ",78,55
1989,IOWA,"WEEK #43",CORN," "," "," "," "," "," "," "," "," "," "," "," ",93,68
1989,IOWA,"WEEK #44",CORN," "," "," "," "," "," "," "," "," "," "," "," ",97,80
1989,IOWA,"WEEK #45",CORN," "," "," "," "," "," "," "," "," "," "," "," ",99,89
1989,IOWA,"WEEK #46",CORN," "," "," "," "," "," "," "," "," "," "," "," ",100,96
1988,IOWA,"WEEK #15",CORN,3," "," "," "," "," "," "," "," "," "," "," "," "," "
1988,IOWA,"WEEK #16",CORN,10,3," "," "," "," "," "," "," "," "," "," "," "," "
1988,IOWA,"WEEK #17",CORN,30,23," "," "," "," "," "," "," "," "," "," "," "," "
1988,IOWA,"WEEK #18",CORN,80,51," "," "," "," "," "," "," "," "," "," "," "," "
1988,IOWA,"WEEK #19",CORN,98,76," "," "," "," "," "," "," "," "," "," "," "," "
1988,IOWA,"WEEK #20",CORN,100,90," "," "," "," "," "," "," "," "," "," "," "," "
1988,IOWA,"WEEK #26",CORN," "," "," "," ",1,1," "," "," "," "," "," "," "," "
1988,IOWA,"WEEK #27",CORN," "," "," "," ",9,12," "," "," "," "," "," "," "," "
1988,IOWA,"WEEK #28",CORN," "," "," "," ",33,55," "," "," "," "," "," "," "," "
1988,IOWA,"WEEK #29",CORN," "," "," "," ",62,85," ",2," "," "," "," "," "," "
1988,IOWA,"WEEK #30",CORN," "," "," "," ",86,98,9,11," "," "," "," "," "," "
1988,IOWA,"WEEK #31",CORN," "," "," "," ",96,100,46,29,14,8," "," "," "," "
1988,IOWA,"WEEK #32",CORN," "," "," "," ",100,100,68,48,38,17," "," "," "," "
1988,IOWA,"WEEK #33",CORN," "," "," "," "," "," ",96,71,76,35,16,3," "," "
1988,IOWA,"WEEK #34",CORN," "," "," "," "," "," ",100,90,92,55,32,5," "," "
1988,IOWA,"WEEK #35",CORN," "," "," "," "," "," "," "," ",98,72,75,21,5," "
1988,IOWA,"WEEK #36",CORN," "," "," "," "," "," "," "," ",100,86,95,48,10,1
1988,IOWA,"WEEK #37",CORN," "," "," "," "," "," "," "," "," "," ",99,70,20,5
1988,IOWA,"WEEK #38",CORN," "," "," "," "," "," "," "," "," "," ",100,90,36,9
1988,IOWA,"WEEK #39",CORN," "," "," "," "," "," "," "," "," "," ",100,98,50,17
1988,IOWA,"WEEK #40",CORN," "," "," "," "," "," "," "," "," "," ",100,100,70,31
1988,IOWA,"WEEK #41",CORN," "," "," "," "," "," "," "," "," "," "," "," ",85,44
1988,IOWA,"WEEK #42",CORN," "," "," "," "," "," "," "," "," "," "," "," ",95,55
1988,IOWA,"WEEK #43",CORN," "," "," "," "," "," "," "," "," "," "," "," ",99,68
1988,IOWA,"WEEK #44",CORN," "," "," "," "," "," "," "," "," "," "," "," ",100,81
1988,IOWA,"WEEK #45",CORN," "," "," "," "," "," "," "," "," "," "," "," ",100,89
1988,IOWA,"WEEK #46",CORN," "," "," "," "," "," "," "," "," "," "," "," ",100,94
1987,IOWA,"WEEK #16",CORN," ",1," "," "," "," "," "," "," "," "," "," "," "," "
1987,IOWA,"WEEK #17",CORN,10,4," "," "," "," "," "," "," "," "," "," "," "," "
1987,IOWA,"WEEK #18",CORN,60,21," "," "," "," "," "," "," "," "," "," "," "," "
1987,IOWA,"WEEK #19",CORN,90,54," "," "," "," "," "," "," "," "," "," "," "," "
1987,IOWA,"WEEK #20",CORN,100,75," "," "," "," "," "," "," "," "," "," "," "," "
1987,IOWA,"WEEK #21",CORN,100,86," "," "," "," "," "," "," "," "," "," "," "," "
1987,IOWA,"WEEK #27",CORN," "," "," "," "," ",6," "," "," "," "," "," "," "," "
1987,IOWA,"WEEK #28",CORN," "," "," "," ",5,40," "," "," "," "," "," "," "," "
1987,IOWA,"WEEK #29",CORN," "," "," "," ",30,80," "," "," "," "," "," "," "," "
1987,IOWA,"WEEK #30",CORN," "," "," "," ",59,97,12,2," "," "," "," "," "," "
1987,IOWA,"WEEK #31",CORN," "," "," "," ",83,100,36,7,10,1," "," "," "," "
1987,IOWA,"WEEK #32",CORN," "," "," "," "," "," ",60,25,30,3," "," "," "," "
1987,IOWA,"WEEK #33",CORN," "," "," "," "," "," ",90,43,60,11,5," "," "," "
1987,IOWA,"WEEK #34",CORN," "," "," "," "," "," ",96,67,75,28,15," "," "," "
1987,IOWA,"WEEK #35",CORN," "," "," "," "," "," "," "," ",92,49,30,2," "," "
1987,IOWA,"WEEK #36",CORN," "," "," "," "," "," "," "," ",95,67,68,16,2," "
1987,IOWA,"WEEK #37",CORN," "," "," "," "," "," "," "," "," "," ",90,41,5,2
1987,IOWA,"WEEK #38",CORN," "," "," "," "," "," "," "," "," "," ",95,63,8,4
1987,IOWA,"WEEK #39",CORN," "," "," "," "," "," "," "," "," "," ",99,85,16,8
1987,IOWA,"WEEK #40",CORN," "," "," "," "," "," "," "," "," "," ",100,94,30,16
1987,IOWA,"WEEK #41",CORN," "," "," "," "," "," "," "," "," "," "," "," ",58,26
1987,IOWA,"WEEK #42",CORN," "," "," "," "," "," "," "," "," "," "," "," ",80,34
1987,IOWA,"WEEK #43",CORN," "," "," "," "," "," "," "," "," "," "," "," ",93,47
1987,IOWA,"WEEK #44",CORN," "," "," "," "," "," "," "," "," "," "," "," ",96,63
1987,IOWA,"WEEK #45",CORN," "," "," "," "," "," "," "," "," "," "," "," ",99,78
1986,IOWA,"WEEK #16",CORN,1,1," "," "," "," "," "," "," "," "," "," "," "," "
1986,IOWA,"WEEK #17",CORN,5,6," "," "," "," "," "," "," "," "," "," "," "," "
1986,IOWA,"WEEK #18",CORN,20,27," "," "," "," "," "," "," "," "," "," "," "," "
1986,IOWA,"WEEK #19",CORN,65,56," "," "," "," "," "," "," "," "," "," "," "," "
1986,IOWA,"WEEK #20",CORN,75,81," "," "," "," "," "," "," "," "," "," "," "," "
1986,IOWA,"WEEK #21",CORN,88,89," "," "," "," "," "," "," "," "," "," "," "," "
1986,IOWA,"WEEK #22",CORN,92,93," "," "," "," "," "," "," "," "," "," "," "," "
1986,IOWA,"WEEK #28",CORN," "," "," "," ",6,15," "," "," "," "," "," "," "," "
1986,IOWA,"WEEK #29",CORN," "," "," "," ",34,55," "," "," "," "," "," "," "," "
1986,IOWA,"WEEK #30",CORN," "," "," "," ",64,85,7,1," "," "," "," "," "," "
1986,IOWA,"WEEK #31",CORN," "," "," "," ",86,96,20,9," "," "," "," "," "," "
1986,IOWA,"WEEK #32",CORN," "," "," "," ",95,100,40,26,10,2," "," "," "," "
1986,IOWA,"WEEK #33",CORN," "," "," "," "," "," ",58,45,25,11," "," "," "," "
1986,IOWA,"WEEK #34",CORN," "," "," "," "," "," ",85,67,45,28," "," "," "," "
1986,IOWA,"WEEK #35",CORN," "," "," "," "," "," ",93,83,65,50,8,3," "," "
1986,IOWA,"WEEK #36",CORN," "," "," "," "," "," ",98,91,75,67,25,17,1," "
1986,IOWA,"WEEK #37",CORN," "," "," "," "," "," "," "," ",96,86,58,38,3,2
1986,IOWA,"WEEK #38",CORN," "," "," "," "," "," "," "," ",100,93,80,63,4,5
1986,IOWA,"WEEK #39",CORN," "," "," "," "," "," "," "," "," "," ",94,87,4,11
1986,IOWA,"WEEK #40",CORN," "," "," "," "," "," "," "," "," "," ",99,95,8,21
1986,IOWA,"WEEK #41",CORN," "," "," "," "," "," "," "," "," "," ",100,98,15,30
1986,IOWA,"WEEK #42",CORN," "," "," "," "," "," "," "," "," "," "," "," ",25,38
1986,IOWA,"WEEK #43",CORN," "," "," "," "," "," "," "," "," "," "," "," ",35,53
1986,IOWA,"WEEK #44",CORN," "," "," "," "," "," "," "," "," "," "," "," ",55,69
1986,IOWA,"WEEK #45",CORN," "," "," "," "," "," "," "," "," "," "," "," ",76,80
1986,IOWA,"WEEK #46",CORN," "," "," "," "," "," "," "," "," "," "," "," ",90,88
1986,IOWA,"WEEK #47",CORN," "," "," "," "," "," "," "," "," "," "," "," ",94,94
1986,IOWA,"WEEK #48",CORN," "," "," "," "," "," "," "," "," "," "," "," ",97,97
1985,IOWA,"WEEK #16",CORN,3," "," "," "," "," "," "," "," "," "," "," "," "," "
1985,IOWA,"WEEK #17",CORN,17,9," "," "," "," "," "," "," "," "," "," "," "," "
1985,IOWA,"WEEK #18",CORN,55,32," "," "," "," "," "," "," "," "," "," "," "," "
1985,IOWA,"WEEK #19",CORN,90,60," "," "," "," "," "," "," "," "," "," "," "," "
1985,IOWA,"WEEK #20",CORN,100,81," "," "," "," "," "," "," "," "," "," "," "," "
1985,IOWA,"WEEK #21",CORN,100,88," "," "," "," "," "," "," "," "," "," "," "," "
1985,IOWA,"WEEK #22",CORN,100,94," "," "," "," "," "," "," "," "," "," "," "," "
1985,IOWA,"WEEK #23",CORN,100,98," "," "," "," "," "," "," "," "," "," "," "," "
1985,IOWA,"WEEK #27",CORN," "," "," "," "," ",1," "," "," "," "," "," "," "," "
1985,IOWA,"WEEK #28",CORN," "," "," "," ",10,18," "," "," "," "," "," "," "," "
1985,IOWA,"WEEK #29",CORN," "," "," "," ",39,57," "," "," "," "," "," "," "," "
1985,IOWA,"WEEK #30",CORN," "," "," "," ",67,88,4,1," "," "," "," "," "," "
1985,IOWA,"WEEK #31",CORN," "," "," "," ",88,96,17,12," "," "," "," "," "," "
1985,IOWA,"WEEK #32",CORN," "," "," "," ",96,100,40,29," "," "," "," "," "," "
1985,IOWA,"WEEK #33",CORN," "," "," "," "," "," ",58,50,22,14," "," "," "," "
1985,IOWA,"WEEK #34",CORN," "," "," "," "," "," ",85,68,44,32," "," "," "," "
1985,IOWA,"WEEK #35",CORN," "," "," "," "," "," ",92,85,60,56,5,5," "," "
1985,IOWA,"WEEK #36",CORN," "," "," "," "," "," ",97,93,72,72,15,23," "," "
1985,IOWA,"WEEK #37",CORN," "," "," "," "," "," "," "," ",93,87,45,43,2,2
1985,IOWA,"WEEK #38",CORN," "," "," "," "," "," "," "," ",98,96,76,67,5,6
1985,IOWA,"WEEK #39",CORN," "," "," "," "," "," "," "," "," "," ",93,89,6,14
1985,IOWA,"WEEK #40",CORN," "," "," "," "," "," "," "," "," "," ",96,96,12,24
1985,IOWA,"WEEK #41",CORN," "," "," "," "," "," "," "," "," "," ",100,98,20,37
1985,IOWA,"WEEK #42",CORN," "," "," "," "," "," "," "," "," "," "," "," ",25,48
1985,IOWA,"WEEK #43",CORN," "," "," "," "," "," "," "," "," "," "," "," ",32,64
1985,IOWA,"WEEK #44",CORN," "," "," "," "," "," "," "," "," "," "," "," ",54,77
1985,IOWA,"WEEK #45",CORN," "," "," "," "," "," "," "," "," "," "," "," ",70,89
1985,IOWA,"WEEK #46",CORN," "," "," "," "," "," "," "," "," "," "," "," ",76,94
1985,IOWA,"WEEK #47",CORN," "," "," "," "," "," "," "," "," "," "," "," ",85,98
1985,IOWA,"WEEK #48",CORN," "," "," "," "," "," "," "," "," "," "," "," ",91,99
1985,IOWA,"WEEK #49",CORN," "," "," "," "," "," "," "," "," "," "," "," ",92,100
1985,IOWA,"WEEK #50",CORN," "," "," "," "," "," "," "," "," "," "," "," ",94,100
1984,IOWA,"WEEK #17",CORN,3,8," "," "," "," "," "," "," "," "," "," "," "," "
1984,IOWA,"WEEK #18",CORN,6,36," "," "," "," "," "," "," "," "," "," "," "," "
1984,IOWA,"WEEK #19",CORN,35,68," "," "," "," "," "," "," "," "," "," "," "," "
1984,IOWA,"WEEK #20",CORN,78,82," "," "," "," "," "," "," "," "," "," "," "," "
1984,IOWA,"WEEK #21",CORN,90,90," "," "," "," "," "," "," "," "," "," "," "," "
1984,IOWA,"WEEK #22",CORN,96,95," "," "," "," "," "," "," "," "," "," "," "," "
1984,IOWA,"WEEK #23",CORN,100,98," "," "," "," "," "," "," "," "," "," "," "," "
1984,IOWA,"WEEK #28",CORN," "," "," "," ",12,6," "," "," "," "," "," "," "," "
1984,IOWA,"WEEK #29",CORN," "," "," "," ",39,20," "," "," "," "," "," "," "," "
1984,IOWA,"WEEK #30",CORN," "," "," "," ",70,64," ",2," "," "," "," "," "," "
1984,IOWA,"WEEK #31",CORN," "," "," "," ",90,86,12,16," "," "," "," "," "," "
1984,IOWA,"WEEK #32",CORN," "," "," "," ",97,94,25,31," "," "," "," "," "," "
1984,IOWA,"WEEK #33",CORN," "," "," "," ",100,100,52,52," "," "," "," "," "," "
1984,IOWA,"WEEK #34",CORN," "," "," "," "," "," ",70,71,31,34," "," "," "," "
1984,IOWA,"WEEK #35",CORN," "," "," "," "," "," ",88,85,60,54,7,6," "," "
1984,IOWA,"WEEK #36",CORN," "," "," "," "," "," ",95,94,79,72,21,25," "," "
1984,IOWA,"WEEK #37",CORN," "," "," "," "," "," "," "," ",91,87,44,46,2,2
1984,IOWA,"WEEK #38",CORN," "," "," "," "," "," "," "," ",96,95,72,71,6,6
1984,IOWA,"WEEK #39",CORN," "," "," "," "," "," "," "," "," "," ",96,88,12,14
1984,IOWA,"WEEK #40",CORN," "," "," "," "," "," "," "," "," "," ",100,96,21,25
1984,IOWA,"WEEK #41",CORN," "," "," "," "," "," "," "," "," "," ",100,98,29,35
1984,IOWA,"WEEK #42",CORN," "," "," "," "," "," "," "," "," "," "," "," ",35,48
1984,IOWA,"WEEK #43",CORN," "," "," "," "," "," "," "," "," "," "," "," ",58,62
1984,IOWA,"WEEK #44",CORN," "," "," "," "," "," "," "," "," "," "," "," ",77,74
1984,IOWA,"WEEK #45",CORN," "," "," "," "," "," "," "," "," "," "," "," ",92,84
1984,IOWA,"WEEK #46",CORN," "," "," "," "," "," "," "," "," "," "," "," ",97,91
1984,IOWA,"WEEK #47",CORN," "," "," "," "," "," "," "," "," "," "," "," ",99,96
1984,IOWA,"WEEK #48",CORN," "," "," "," "," "," "," "," "," "," "," "," ",100,97
1984,IOWA,"WEEK #49",CORN," "," "," "," "," "," "," "," "," "," "," "," ",100,99
1983,IOWA,"WEEK #16",CORN," ",1," "," "," "," "," "," "," "," "," "," "," "," "
1983,IOWA,"WEEK #17",CORN,10,23," "," "," "," "," "," "," "," "," "," "," "," "
1983,IOWA,"WEEK #18",CORN,28,46," "," "," "," "," "," "," "," "," "," "," "," "
1983,IOWA,"WEEK #19",CORN,66,69," "," "," "," "," "," "," "," "," "," "," "," "
1983,IOWA,"WEEK #20",CORN,82,83," "," "," "," "," "," "," "," "," "," "," "," "
1983,IOWA,"WEEK #21",CORN,92,90," "," "," "," "," "," "," "," "," "," "," "," "
1983,IOWA,"WEEK #22",CORN,98,95," "," "," "," "," "," "," "," "," "," "," "," "
1983,IOWA,"WEEK #23",CORN,100,98," "," "," "," "," "," "," "," "," "," "," "," "
1983,IOWA,"WEEK #24",CORN,100,99," "," "," "," "," "," "," "," "," "," "," "," "
1983,IOWA,"WEEK #27",CORN," "," "," "," ",1," "," "," "," "," "," "," "," "," "
1983,IOWA,"WEEK #28",CORN," "," "," "," ",20,3," "," "," "," "," "," "," "," "
1983,IOWA,"WEEK #29",CORN," "," "," "," ",53,30," "," "," "," "," "," "," "," "
1983,IOWA,"WEEK #30",CORN," "," "," "," ",78,75,1,4," "," "," "," "," "," "
1983,IOWA,"WEEK #31",CORN," "," "," "," ",94,92,10,20," "," "," "," "," "," "
1983,IOWA,"WEEK #32",CORN," "," "," "," ",99,98,25,39," "," "," "," "," "," "
1983,IOWA,"WEEK #33",CORN," "," "," "," ",100,100,59,61," "," "," "," "," "," "
1983,IOWA,"WEEK #34",CORN," "," "," "," "," "," ",78,81,40,41," "," "," "," "
1983,IOWA,"WEEK #35",CORN," "," "," "," "," "," ",94,87,68,57," "," "," "," "
1983,IOWA,"WEEK #36",CORN," "," "," "," "," "," ",100,97,88,77,50,28," "," "
1983,IOWA,"WEEK #37",CORN," "," "," "," "," "," "," "," ",96,88,74,51,8,1
1983,IOWA,"WEEK #38",CORN," "," "," "," "," "," "," "," ",100,95,97,76,15,4
1983,IOWA,"WEEK #39",CORN," "," "," "," "," "," "," "," "," "," ",100,91,35,12
1983,IOWA,"WEEK #40",CORN," "," "," "," "," "," "," "," "," "," ",100,97,60,21
1983,IOWA,"WEEK #41",CORN," "," "," "," "," "," "," "," "," "," "," "," ",75,32
1983,IOWA,"WEEK #42",CORN," "," "," "," "," "," "," "," "," "," "," "," ",85,47
1983,IOWA,"WEEK #43",CORN," "," "," "," "," "," "," "," "," "," "," "," ",92,63
1983,IOWA,"WEEK #44",CORN," "," "," "," "," "," "," "," "," "," "," "," ",98,76
1983,IOWA,"WEEK #45",CORN," "," "," "," "," "," "," "," "," "," "," "," ",99,86
1983,IOWA,"WEEK #46",CORN," "," "," "," "," "," "," "," "," "," "," "," ",100,93
1982,IOWA,"WEEK #16",CORN," ",5," "," "," "," "," "," "," "," "," "," "," "," "
1982,IOWA,"WEEK #17",CORN,15,27," "," "," "," "," "," "," "," "," "," "," "," "
1982,IOWA,"WEEK #18",CORN,45,56," "," "," "," "," "," "," "," "," "," "," "," "
1982,IOWA,"WEEK #19",CORN,65,79," "," "," "," "," "," "," "," "," "," "," "," "
1982,IOWA,"WEEK #20",CORN,70,91," "," "," "," "," "," "," "," "," "," "," "," "
1982,IOWA,"WEEK #21",CORN,71,96," "," "," "," "," "," "," "," "," "," "," "," "
1982,IOWA,"WEEK #22",CORN,82,100," "," "," "," "," "," "," "," "," "," "," "," "
1982,IOWA,"WEEK #23",CORN,95,100," "," "," "," "," "," "," "," "," "," "," "," "
1982,IOWA,"WEEK #27",CORN," "," "," "," ",14," "," "," "," "," "," "," "," "," "
1982,IOWA,"WEEK #28",CORN," "," "," "," ",40," "," "," "," "," "," "," "," "," "
1982,IOWA,"WEEK #29",CORN," "," "," "," ",69,30," "," "," "," "," "," "," "," "
1982,IOWA,"WEEK #30",CORN," "," "," "," ",88,65," ",14," "," "," "," "," "," "
1982,IOWA,"WEEK #31",CORN," "," "," "," ",99,85,13,34," "," "," "," "," "," "
1982,IOWA,"WEEK #32",CORN," "," "," "," ",100,96,28,54," "," "," "," "," "," "
1982,IOWA,"WEEK #33",CORN," "," "," "," "," "," ",46,75,11,32," "," "," "," "
1982,IOWA,"WEEK #34",CORN," "," "," "," "," "," ",65,90,28,57," "," "," "," "
1982,IOWA,"WEEK #35",CORN," "," "," "," "," "," ",78,95,45,73,7,24," "," "
1982,IOWA,"WEEK #36",CORN," "," "," "," "," "," ",91,99,67,86,15,42," "," "
1982,IOWA,"WEEK #37",CORN," "," "," "," "," "," "," "," ",73,95,22,66,1,3
1982,IOWA,"WEEK #38",CORN," "," "," "," "," "," "," "," ",94,100,50,88,2,9
1982,IOWA,"WEEK #39",CORN," "," "," "," "," "," "," "," "," "," ",77,97,5,17
1982,IOWA,"WEEK #40",CORN," "," "," "," "," "," "," "," "," "," ",89,100,8,27
1982,IOWA,"WEEK #41",CORN," "," "," "," "," "," "," "," "," "," ",97,100,15,41
1982,IOWA,"WEEK #42",CORN," "," "," "," "," "," "," "," "," "," ",100,100,27,57
1982,IOWA,"WEEK #43",CORN," "," "," "," "," "," "," "," "," "," "," "," ",45,70
1982,IOWA,"WEEK #44",CORN," "," "," "," "," "," "," "," "," "," "," "," ",65,80
1982,IOWA,"WEEK #45",CORN," "," "," "," "," "," "," "," "," "," "," "," ",78,89
1982,IOWA,"WEEK #46",CORN," "," "," "," "," "," "," "," "," "," "," "," ",88,93
1982,IOWA,"WEEK #47",CORN," "," "," "," "," "," "," "," "," "," "," "," ",93,97
1982,IOWA,"WEEK #48",CORN," "," "," "," "," "," "," "," "," "," "," "," ",94,99
1981,IOWA,"WEEK #16",CORN,2," "," "," "," "," "," "," "," "," "," "," "," "," "
1981,IOWA,"WEEK #17",CORN,5,7," "," "," "," "," "," "," "," "," "," "," "," "
1981,IOWA,"WEEK #18",CORN,28,30," "," "," "," "," "," "," "," "," "," "," "," "
1981,IOWA,"WEEK #19",CORN,64,60," "," "," "," "," "," "," "," "," "," "," "," "
1981,IOWA,"WEEK #20",CORN,86,82," "," "," "," "," "," "," "," "," "," "," "," "
1981,IOWA,"WEEK #21",CORN,96,93," "," "," "," "," "," "," "," "," "," "," "," "
1981,IOWA,"WEEK #22",CORN,99,97," "," "," "," "," "," "," "," "," "," "," "," "
1981,IOWA,"WEEK #23",CORN,100,100," "," "," "," "," "," "," "," "," "," "," "," "
1981,IOWA,"WEEK #24",CORN,100,100," "," "," "," "," "," "," "," "," "," "," "," "
1981,IOWA,"WEEK #28",CORN," "," "," "," ",16,7," "," "," "," "," "," "," "," "
1981,IOWA,"WEEK #29",CORN," "," "," "," ",41,49," "," "," "," "," "," "," "," "
1981,IOWA,"WEEK #30",CORN," "," "," "," ",70,83," ",4," "," "," "," "," "," "
1981,IOWA,"WEEK #31",CORN," "," "," "," "," "," ",14,15," "," "," "," "," "," "
1981,IOWA,"WEEK #32",CORN," "," "," "," "," "," ",36,36," "," "," "," "," "," "
1981,IOWA,"WEEK #33",CORN," "," "," "," "," "," ",54,57,13,19," "," "," "," "
1981,IOWA,"WEEK #34",CORN," "," "," "," "," "," ",65,81,25,38," "," "," "," "
1981,IOWA,"WEEK #35",CORN," "," "," "," "," "," ",85,92,49,64,5,14," "," "
1981,IOWA,"WEEK #36",CORN," "," "," "," "," "," ",91,97,64,79,12,33," "," "
1981,IOWA,"WEEK #37",CORN," "," "," "," "," "," "," "," ",85,90,26,57," "," "
1981,IOWA,"WEEK #38",CORN," "," "," "," "," "," "," "," ",97,97,58,76," "," "
1981,IOWA,"WEEK #39",CORN," "," "," "," "," "," "," "," ",100,100,92,91," "," "
1981,IOWA,"WEEK #40",CORN," "," "," "," "," "," "," "," "," "," ",99,98,22,17
1981,IOWA,"WEEK #41",CORN," "," "," "," "," "," "," "," "," "," ",100,100,26,30
1981,IOWA,"WEEK #42",CORN," "," "," "," "," "," "," "," "," "," ",100,100,35,47
1981,IOWA,"WEEK #43",CORN," "," "," "," "," "," "," "," "," "," "," "," ",55,63
1981,IOWA,"WEEK #44",CORN," "," "," "," "," "," "," "," "," "," "," "," ",70,75
1981,IOWA,"WEEK #45",CORN," "," "," "," "," "," "," "," "," "," "," "," ",77,84
1981,IOWA,"WEEK #46",CORN," "," "," "," "," "," "," "," "," "," "," "," ",90,91
1981,IOWA,"WEEK #47",CORN," "," "," "," "," "," "," "," "," "," "," "," ",96,95
1981,IOWA,"WEEK #48",CORN," "," "," "," "," "," "," "," "," "," "," "," ",99,99
1980,IOWA,"WEEK #16",CORN," ",1," "," "," "," "," "," "," "," "," "," "," "," "
1980,IOWA,"WEEK #17",CORN,9,6," "," "," "," "," "," "," "," "," "," "," "," "
1980,IOWA,"WEEK #18",CORN,61,25," "," "," "," "," "," "," "," "," "," "," "," "
1980,IOWA,"WEEK #19",CORN,89,53," "," "," "," "," "," "," "," "," "," "," "," "
1980,IOWA,"WEEK #20",CORN,96,80," "," "," "," "," "," "," "," "," "," "," "," "
1980,IOWA,"WEEK #21",CORN,100,94," "," "," "," "," "," "," "," "," "," "," "," "
1980,IOWA,"WEEK #22",CORN,100,97," "," "," "," "," "," "," "," "," "," "," "," "
1979,IOWA,"WEEK #17",CORN," ",11," "," "," "," "," "," "," "," "," "," "," "," "
1979,IOWA,"WEEK #18",CORN,8,40," "," "," "," "," "," "," "," "," "," "," "," "
1979,IOWA,"WEEK #19",CORN,34,68," "," "," "," "," "," "," "," "," "," "," "," "
1979,IOWA,"WEEK #20",CORN,82,84," "," "," "," "," "," "," "," "," "," "," "," "
1979,IOWA,"WEEK #21",CORN,99,93," "," "," "," "," "," "," "," "," "," "," "," "
1979,IOWA,"WEEK #22",CORN,100,95," "," "," "," "," "," "," "," "," "," "," "," "
